Identificador;ual_prov;ual_estr;ual_segm;al_ncues;ft_numl;rc_clacul;ft_numt;ft_k716;ft_k717;ft_k718;ft_k719;ft_k720ha;ft_k721ha;ft_k722;ft_k723;ft_k724;ft_k725;ft_k726;ft_venmernac;ft_venmerint;ft_prepara_suelo;ft_poda;ft_tutoreo;ft_despunte;ft_riego;ft_superf_regada_ha;ft_porc_surc;ft_porc_aspe;ft_porc_micr;ft_porc_gote;ft_porc_nebu;ft_porc_otro;ft_aferti;ft_forg;ft_cant1_fo;ft_umed1_fo;ft_cant2_fo;ft_umed2_fo;ft_cant3_fo;ft_umed3_fo;ft_fqui;ft_cantidad_npk_fq;ft_umed_npk_fq;ft_cantidad_nit_fq;ft_umed_nit_fq;ft_cantidad_fq;ft_umed_fq;ft_cantidad_pot_fq;ft_umed_pot_fq;ft_apliplagui;ft_porg;ft_cantidad_po;ft_umed_po;ft_pqui;ft_cantidad_her_pq;ft_umed_her_pq;ft_color_her_pq;ft_cantidad_ins_pq;ft_umed_ins_pq;ft_color_ins_pq;ft_cantidad_fun_pq;ft_umed_fun_pq;ft_color_fun_pq;ft_cantidad_pq;ft_umed_pq;ft_color_pq;ft_trabocacont;ft_trabfami;ft_clacu;ft_full_tabaco;ft_tabaco;ft_bonche;ft_bouquet;ft_tn;fact_exp_fin
01056263000993804; AZUAY;63;00099;3804;1;DELPHINIUM  (LACKPUR);1;CAMPO ABIERTO;6;25;10;4;4;240000;30000000;BONCHE;300000;10; ;100;1;1;1;1;SI;4; ; ;1;98;1; ;SI;SI; ; ; ; ;800;LITRO;SI; ; ;24000;KILOGRAMO;24000;KILOGRAMO;3600;KILOGRAMO;SI;NO; ; ;SI; ; ; ;48;LITRO;AZUL; ; ; ; ; ; ; ; ;DELPHINIUM  (LACKPUR); ; ;300000; ;TOTAL NACIONAL;1
05015901056510001;COTOPAXI;01;05651;0001;1;RANUNCULOS;2;BAJO INVERNADERO;5;25;11;2;2;260897;1206897;TABACO;7161;150; ;100;1;1;1;1;SI;2; ; ; ;100; ; ;SI;SI; ; ;77027,67;KILOGRAMO; ; ;SI; ; ;19807,11;LITRO; ; ; ; ;SI;NO; ; ;SI; ; ; ;3,43;LITRO;VERDE; ; ; ; ; ; ; ; ;OTRAS FLORES TRANSITORIAS; ;7161; ; ;TOTAL NACIONAL;71,1808618036073
05015901056510001;COTOPAXI;01;05651;0001;2;ANÉMONA;3;BAJO INVERNADERO;5;25;11;1,9;1,9;196552;1146552;TABACO;6803;150;0;100;1;1;1;1;SI;1,9; ; ; ;100; ; ;SI;SI; ; ;77027,67;KILOGRAMO; ; ;SI; ; ;19807,11;LITRO; ; ; ; ;SI;NO; ; ;SI; ; ; ;3,43;LITRO;VERDE; ; ; ; ; ; ; ; ;OTRAS FLORES TRANSITORIAS; ;6803; ; ;TOTAL NACIONAL;27,629738142103
05015901056510001;COTOPAXI;01;05651;0001;3;DELPHINIUM  (LACKPUR);4;BAJO INVERNADERO;5;25;11;1,9;1,9;196552;1146552;TABACO;6803;150;0;100;1;1;1;1;SI;1,9; ; ; ;100; ; ;SI;SI; ; ;77027,64;KILOGRAMO; ; ;SI; ; ;19807,11;LITRO; ; ; ; ;SI;NO; ; ;SI; ; ; ;3,43;LITRO;VERDE; ; ; ; ; ; ; ; ;DELPHINIUM  (LACKPUR); ;6803; ; ;TOTAL NACIONAL;5,37148707174753
05015401093850001;COTOPAXI;01;09385;0001;1;OTRAS FLORES TRANSITORIAS;3;BAJO INVERNADERO;1;25;3;30;30;80000;80000;BONCHE;6400;10; ;100;1;1;1;1;SI;30; ; ; ;100; ; ;SI;NO; ; ; ; ; ; ;SI;1462;KILOGRAMO;1125;KILOGRAMO; ; ;2100;KILOGRAMO;SI;NO; ; ;SI; ; ; ; ; ; ;54;KILOGRAMO;VERDE; ; ; ; ; ;OTRAS FLORES TRANSITORIAS; ; ;6400; ;TOTAL NACIONAL;,201133503655829
05015401093850001;COTOPAXI;01;09385;0001;2;OTRAS FLORES TRANSITORIAS;3;BAJO INVERNADERO;4;25;6;30;30;80000;80000;BONCHE;6400;10; ;100;1;1;1;1;SI;30; ; ; ;100; ; ;SI;NO; ; ; ; ; ; ;SI;1462;KILOGRAMO;1125;KILOGRAMO; ; ;2100;KILOGRAMO;SI;NO; ; ;SI; ; ; ; ; ; ;54;KILOGRAMO;VERDE; ; ; ; ; ;OTRAS FLORES TRANSITORIAS; ; ;6400; ;TOTAL NACIONAL;,201133503655829
05015401093850001;COTOPAXI;01;09385;0001;3;OTRAS FLORES TRANSITORIAS;3;BAJO INVERNADERO;7;25;9;30;30;80000;80000;BONCHE;6400;10; ;100;1;1;1;1;SI;30; ; ; ;100; ; ;SI;NO; ; ; ; ; ; ;SI;1462;KILOGRAMO;1125;KILOGRAMO; ; ;2100;KILOGRAMO;SI;NO; ; ;SI; ; ; ; ; ; ;54;KILOGRAMO;VERDE; ; ; ; ; ;OTRAS FLORES TRANSITORIAS; ; ;6400; ;TOTAL NACIONAL;,201133503655829
05015401093850001;COTOPAXI;01;09385;0001;4;OTRAS FLORES TRANSITORIAS;3;BAJO INVERNADERO;10;25;12;30;30;80000;80000;BONCHE;6400;10; ;100;1;1;1;1;SI;30; ; ; ;100; ; ;SI;NO; ; ; ; ; ; ;SI;1462;KILOGRAMO;1125;KILOGRAMO; ; ;2100;KILOGRAMO;SI;NO; ; ;SI; ; ; ; ; ; ;54;KILOGRAMO;VERDE; ; ; ; ; ;OTRAS FLORES TRANSITORIAS; ; ;6400; ;TOTAL NACIONAL;,201133503655829
05065001098460019;COTOPAXI;01;09846;0019;1;OTRAS FLORES TRANSITORIAS;1;BAJO INVERNADERO;1;25;3;,04;,04;24000;18000;BONCHE;1800;10;40;60;1;1;1;1;SI;,04; ; ; ;100; ; ;SI;SI;4;QUINTAL; ; ; ; ;SI; ; ;12;LITRO; ; ; ; ;SI;NO; ; ;SI; ; ; ;2;LITRO;AZUL; ; ; ;,5;LITRO;AMARILLO; ;4;OTRAS FLORES TRANSITORIAS; ; ;1800; ;TOTAL NACIONAL;,822519780490031
05065001098460019;COTOPAXI;01;09846;0019;2;OTRAS FLORES TRANSITORIAS;1;BAJO INVERNADERO;4;25;6;,04;,04;24000;18000;BONCHE;1800;10;40;60;1;1;1;1;SI;,04; ; ; ;100; ; ;SI;SI;4;QUINTAL; ; ; ; ;SI; ; ;12;LITRO; ; ; ; ;SI;NO; ; ;SI; ; ; ;2;LITRO;AZUL; ; ; ;,5;LITRO;AMARILLO; ;4;OTRAS FLORES TRANSITORIAS; ; ;1800; ;TOTAL NACIONAL;,822519780490031
05065001098460019;COTOPAXI;01;09846;0019;3;OTRAS FLORES TRANSITORIAS;1;BAJO INVERNADERO;7;25;9;,04;,04;24000;18000;BONCHE;1800;10;40;60;1;1;1;1;SI;,04; ; ; ;100; ; ;SI;SI;4;QUINTAL; ; ; ; ;SI; ; ;12;LITRO; ; ; ; ;SI;NO; ; ;SI; ; ; ;2;LITRO;AZUL; ; ; ;,5;LITRO;AMARILLO; ;4;OTRAS FLORES TRANSITORIAS; ; ;1800; ;TOTAL NACIONAL;,822519780490031
05065001098460019;COTOPAXI;01;09846;0019;4;OTRAS FLORES TRANSITORIAS;1;BAJO INVERNADERO;10;25;12;,04;,04;24000;18000;BONCHE;1800;10;40;60;1;1;1;1;SI;,04; ; ; ;100; ; ;SI;SI;4;QUINTAL; ; ; ; ;SI; ; ;12;LITRO; ; ; ; ;SI;NO; ; ;SI; ; ; ;2;LITRO;AZUL; ; ; ;,5;LITRO;AMARILLO; ;4;OTRAS FLORES TRANSITORIAS; ; ;1800; ;TOTAL NACIONAL;,822519780490031
05015801107710006;COTOPAXI;01;10771;0006;1;OTRAS FLORES TRANSITORIAS;1;BAJO INVERNADERO;1;25;4;,15;,15;27000;27000;BONCHE;2025;10;100; ;1;1;1;1;SI;,15; ; ; ;100; ; ;SI;NO; ; ; ; ; ; ;SI; ; ;7,5;KILOGRAMO; ; ; ; ;SI;NO; ; ;SI; ; ; ;3;LITRO;AZUL; ; ; ;3;LITRO;AMARILLO; ; ;OTRAS FLORES TRANSITORIAS; ; ;2025; ;TOTAL NACIONAL;23,9956437294959
05015801107710006;COTOPAXI;01;10771;0006;2;OTRAS FLORES TRANSITORIAS;1;BAJO INVERNADERO;5;25;8;,15;,15;27000;27000;BONCHE;2025;10;100; ;1;1;1;1;SI;,15; ; ; ;100; ; ;SI;NO; ; ; ; ; ; ;SI; ; ;7,5;KILOGRAMO; ; ; ; ;SI;NO; ; ;SI; ; ; ;3;LITRO;AZUL; ; ; ;3;LITRO;AMARILLO; ; ;OTRAS FLORES TRANSITORIAS; ; ;2025; ;TOTAL NACIONAL;23,9956437294959
05015801107710006;COTOPAXI;01;10771;0006;3;OTRAS FLORES TRANSITORIAS;1;BAJO INVERNADERO;9;25;12;,15;,15;27000;27000;BONCHE;2025;10;100; ;1;1;1;1;SI;,15; ; ; ;100; ; ;SI;NO; ; ; ; ; ; ;SI; ; ;7,5;KILOGRAMO; ; ; ; ;SI;NO; ; ;SI; ; ; ;3;LITRO;AZUL; ; ; ;3;LITRO;AMARILLO; ; ;OTRAS FLORES TRANSITORIAS; ; ;2025; ;TOTAL NACIONAL;23,9956437294959
05015801107710013;COTOPAXI;01;10771;0013;1;OTRAS FLORES TRANSITORIAS;1;BAJO INVERNADERO;1;25;4;,07;,07;105000;105000;BONCHE;9975;10;100; ;1;1;1;1;SI;,07; ; ; ;100; ; ;SI;SI; ; ;200;KILOGRAMO; ; ;SI;50;KILOGRAMO; ; ; ; ; ; ;SI;NO; ; ;SI; ; ; ;3;LITRO;AZUL;1;LITRO;AZUL; ; ; ; ; ;OTRAS FLORES TRANSITORIAS; ; ;9975; ;TOTAL NACIONAL;67,1176140879866
05015801107710013;COTOPAXI;01;10771;0013;2;OTRAS FLORES TRANSITORIAS;1;BAJO INVERNADERO;5;25;8;,07;,07;105000;105000;BONCHE;9975;10;100; ;1;1;1;1;SI;,07; ; ; ;100; ; ;SI;SI; ; ;200;KILOGRAMO; ; ;SI;50;KILOGRAMO; ; ; ; ; ; ;SI;NO; ; ;SI; ; ; ;3;LITRO;AZUL;1;LITRO;AZUL; ; ; ; ; ;OTRAS FLORES TRANSITORIAS; ; ;9975; ;TOTAL NACIONAL;67,1176140879866
05015801107710013;COTOPAXI;01;10771;0013;3;OTRAS FLORES TRANSITORIAS;1;BAJO INVERNADERO;9;25;12;,07;,07;105000;105000;BONCHE;9975;10;100; ;1;1;1;1;SI;,07; ; ; ;100; ; ;SI;SI; ; ;200;KILOGRAMO; ; ;SI;50;KILOGRAMO; ; ; ; ; ; ;SI;NO; ; ;SI; ; ; ;3;LITRO;AZUL;1;LITRO;AZUL; ; ; ; ; ;OTRAS FLORES TRANSITORIAS; ; ;9975; ;TOTAL NACIONAL;67,1176140879866
05015801107710021;COTOPAXI;01;10771;0021;1;OTRAS FLORES TRANSITORIAS;1;CAMPO ABIERTO;1;25;4;,12;,12;38500;38500;BONCHE;1155;25;100; ;1;1;1;1;SI;,12; ; ; ;100; ; ;SI;SI; ; ; ; ;10;LITRO;SI; ; ; ; ;60;LIBRA;10;LIBRA;SI;NO; ; ;SI; ; ; ;2,4;LITRO;AZUL;2;LITRO;AZUL; ; ; ; ; ;OTRAS FLORES TRANSITORIAS; ; ;1155; ;TOTAL NACIONAL;72,4914099871881
05015801107710021;COTOPAXI;01;10771;0021;2;OTRAS FLORES TRANSITORIAS;1;CAMPO ABIERTO;5;25;8;,12;,12;38500;38500;BONCHE;1155;25;100; ;1;1;1;1;SI;,12; ; ; ;100; ; ;SI;SI; ; ; ; ;10;LITRO;SI; ; ; ; ;60;LIBRA;10;LIBRA;SI;NO; ; ;SI; ; ; ;2,4;LITRO;AZUL;2;LITRO;AZUL; ; ; ; ; ;OTRAS FLORES TRANSITORIAS; ; ;1155; ;TOTAL NACIONAL;72,4914099871881
05015801107710021;COTOPAXI;01;10771;0021;3;OTRAS FLORES TRANSITORIAS;1;CAMPO ABIERTO;9;25;12;,12;,12;38500;38500;BONCHE;1155;25;100; ;1;1;1;1;SI;,12; ; ; ;100; ; ;SI;SI; ; ; ; ;10;LITRO;SI; ; ; ; ;60;LIBRA;10;LIBRA;SI;NO; ; ;SI; ; ; ;2,4;LITRO;AZUL;2;LITRO;AZUL; ; ; ; ; ;OTRAS FLORES TRANSITORIAS; ; ;1155; ;TOTAL NACIONAL;72,4914099871881
05015801107710025;COTOPAXI;01;10771;0025;1;OTRAS FLORES TRANSITORIAS;1;BAJO INVERNADERO;1;25;4;,26;,26;24000;24000;BONCHE;672;25;90;10;1;1;1;1;SI;,26; ; ; ;100; ; ;SI;SI; ; ;100;KILOGRAMO; ; ;SI; ; ;36;KILOGRAMO;15;KILOGRAMO;30;KILOGRAMO;SI;NO; ; ;SI;,5;LITRO;AZUL;1;KILOGRAMO;AMARILLO;2;KILOGRAMO;AZUL; ; ; ; ; ;OTRAS FLORES TRANSITORIAS; ; ;672; ;TOTAL NACIONAL;13,4133994972221
05015801107710025;COTOPAXI;01;10771;0025;2;OTRAS FLORES TRANSITORIAS;1;BAJO INVERNADERO;5;25;8;,26;,26;24000;24000;BONCHE;672;25;90;10;1;1;1;1;SI;,26; ; ; ;100; ; ;SI;SI; ; ;100;KILOGRAMO; ; ;SI; ; ;36;KILOGRAMO;15;KILOGRAMO;30;KILOGRAMO;SI;NO; ; ;SI;,5;LITRO;AZUL;1;KILOGRAMO;AMARILLO;2;KILOGRAMO;AZUL; ; ; ; ; ;OTRAS FLORES TRANSITORIAS; ; ;672; ;TOTAL NACIONAL;13,4133994972221
05015801107710025;COTOPAXI;01;10771;0025;3;OTRAS FLORES TRANSITORIAS;1;BAJO INVERNADERO;9;25;12;,26;,26;24000;24000;BONCHE;672;25;90;10;1;1;1;1;SI;,26; ; ; ;100; ; ;SI;SI; ; ;100;KILOGRAMO; ; ;SI; ; ;36;KILOGRAMO;15;KILOGRAMO;30;KILOGRAMO;SI;NO; ; ;SI;,5;LITRO;AZUL;1;KILOGRAMO;AMARILLO;2;KILOGRAMO;AZUL; ; ; ; ; ;OTRAS FLORES TRANSITORIAS; ; ;672; ;TOTAL NACIONAL;13,4133994972221
05015801120410007;COTOPAXI;01;12041;0007;1;OTRAS FLORES TRANSITORIAS;1;BAJO INVERNADERO;1;25;3;,12;,12;26880;268880;BONCHE;968;25;100; ;1;1;1;1;SI;,12; ; ; ;100; ; ;SI;NO; ; ; ; ; ; ;SI;,5;QUINTAL;,5;QUINTAL; ; ; ; ;SI;NO; ; ;SI;1;LITRO;AZUL;1;LITRO;AZUL; ; ; ; ; ; ; ; ;OTRAS FLORES TRANSITORIAS; ; ;968; ;TOTAL NACIONAL;54,3411401643747
05015801120410007;COTOPAXI;01;12041;0007;2;OTRAS FLORES TRANSITORIAS;1;BAJO INVERNADERO;3;25;5;,12;,12;26880;26880;BONCHE;968;25;100; ;1;1;1;1;SI;,12; ; ; ;100; ; ;SI;NO; ; ; ; ; ; ;SI;,5;QUINTAL;,5;QUINTAL; ; ; ; ;SI;NO; ; ;SI;1;LITRO;AZUL;1;LITRO;AZUL; ; ; ; ; ; ; ; ;OTRAS FLORES TRANSITORIAS; ; ;968; ;TOTAL NACIONAL;54,3411401643747
05015801120410007;COTOPAXI;01;12041;0007;3;OTRAS FLORES TRANSITORIAS;1;BAJO INVERNADERO;5;25;7;,12;,12;26880;26880;BONCHE;968;25;100; ;1;1;1;1;SI;,12; ; ; ;100; ; ;SI;NO; ; ; ; ; ; ;SI;,5;QUINTAL;,5;QUINTAL; ; ; ; ;SI;NO; ; ;SI;1;LITRO;AZUL;1;LITRO;AZUL; ; ; ; ; ; ; ; ;OTRAS FLORES TRANSITORIAS; ; ;968; ;TOTAL NACIONAL;54,3411401643747
05015801120410007;COTOPAXI;01;12041;0007;4;OTRAS FLORES TRANSITORIAS;1;BAJO INVERNADERO;7;25;9;,12;,12;26880;26880;BONCHE;968;25;100; ;1;1;1;1;SI;,12; ; ; ;100; ; ;SI;NO; ; ; ; ; ; ;SI;,5;QUINTAL;,5;QUINTAL; ; ; ; ;SI;NO; ; ;SI;1;LITRO;AZUL;1;LITRO;AZUL; ; ; ; ; ; ; ; ;OTRAS FLORES TRANSITORIAS; ; ;968; ;TOTAL NACIONAL;54,3411401643747
05015801120410007;COTOPAXI;01;12041;0007;5;OTRAS FLORES TRANSITORIAS;1;BAJO INVERNADERO;9;25;11;,12;,12;26880;26880;BONCHE;968;25;100; ;1;1;1;1;SI;,12; ; ; ;100; ; ;SI;NO; ; ; ; ; ; ;SI;,5;QUINTAL;,5;QUINTAL; ; ; ; ;SI;NO; ; ;SI;1;LITRO;AZUL;1;LITRO;AZUL; ; ; ; ; ; ; ; ;OTRAS FLORES TRANSITORIAS; ; ;968; ;TOTAL NACIONAL;54,3411401643747
05015801123530005;COTOPAXI;01;12353;0005;1;OTRAS FLORES TRANSITORIAS;1;BAJO INVERNADERO;1;25;4;,15;,15;33600;33600;BONCHE;1304;25;100; ;2;2;2;2;SI;,15; ; ; ;100; ; ;SI;SI;5;QUINTAL; ; ;2,5;LITRO;SI; ; ; ; ;,15;KILOGRAMO;4;KILOGRAMO;SI;NO; ; ;SI; ; ; ;3;LITRO;AMARILLO; ; ; ; ; ; ;0;0;OTRAS FLORES TRANSITORIAS; ; ;1304; ;TOTAL NACIONAL;4,07969811123056
05015801123530005;COTOPAXI;01;12353;0005;2;OTRAS FLORES TRANSITORIAS;1;BAJO INVERNADERO;5;25;8;,15;,15;33600;33600;BONCHE;1304;25;100; ;2;2;2;2;SI;,15; ; ; ;100; ; ;SI;SI;5;QUINTAL; ; ;2,5;LITRO;SI; ; ; ; ;,15;KILOGRAMO;4;KILOGRAMO;SI;NO; ; ;SI; ; ; ;3;LITRO;AMARILLO; ; ; ; ; ; ;0;0;OTRAS FLORES TRANSITORIAS; ; ;1304; ;TOTAL NACIONAL;4,07969811123056
05015801123530005;COTOPAXI;01;12353;0005;3;OTRAS FLORES TRANSITORIAS;1;BAJO INVERNADERO;9;25;12;,15;,15;33600;33600;BONCHE;1304;25;100; ;2;2;2;2;SI;,15; ; ; ;100; ; ;SI;SI;5;QUINTAL; ; ;2,5;LITRO;SI; ; ; ; ;,15;KILOGRAMO;4;KILOGRAMO;SI;NO; ; ;SI; ; ; ;3;LITRO;AMARILLO; ; ; ; ; ; ;0;0;OTRAS FLORES TRANSITORIAS; ; ;1304; ;TOTAL NACIONAL;4,07969811123056
05015801123530006;COTOPAXI;01;12353;0006;1;OTRAS FLORES TRANSITORIAS;2;BAJO INVERNADERO;1;25;3;,16;,16;30000;60000;BONCHE;1200;25; ;100;1;2;1;2;SI;,16; ; ; ;100; ; ;SI;SI;7;QUINTAL; ; ;12;LITRO;SI; ; ; ; ;,5;KILOGRAMO;,75;LITRO;SI;NO; ; ;SI; ; ; ;3;LITRO;AZUL;,25;LITRO;AMARILLO; ; ; ; ;1;OTRAS FLORES TRANSITORIAS; ; ;1200; ;TOTAL NACIONAL;0
05015801123530006;COTOPAXI;01;12353;0006;2;OTRAS FLORES TRANSITORIAS;2;BAJO INVERNADERO;3;25;6;,16;,16;30000;60000;BONCHE;1200;25; ;100;1;2;1;2;SI;,16; ; ; ;100; ; ;SI;SI;7;QUINTAL; ; ;12;LITRO;SI; ; ; ; ;,5;KILOGRAMO;,75;LITRO;SI;NO; ; ;SI; ; ; ;3;LITRO;AZUL;,25;LITRO;AMARILLO; ; ; ; ;1;OTRAS FLORES TRANSITORIAS; ; ;1200; ;TOTAL NACIONAL;0
05015801123530006;COTOPAXI;01;12353;0006;3;OTRAS FLORES TRANSITORIAS;2;BAJO INVERNADERO;6;25;9;,16;,16;30000;60000;BONCHE;1200;25; ;100;1;2;1;2;SI;,16; ; ; ;100; ; ;SI;SI;7;QUINTAL; ; ;12;LITRO;SI; ; ; ; ;,5;KILOGRAMO;,75;LITRO;SI;NO; ; ;SI; ; ; ;3;LITRO;AZUL;,25;LITRO;AMARILLO; ; ; ; ;1;OTRAS FLORES TRANSITORIAS; ; ;1200; ;TOTAL NACIONAL;0
05015801123530006;COTOPAXI;01;12353;0006;4;OTRAS FLORES TRANSITORIAS;2;BAJO INVERNADERO;9;25;12;,16;,16;30000;60000;BONCHE;1200;25; ;100;1;2;1;2;SI;,16; ; ; ;100; ; ;SI;SI;7;QUINTAL; ; ;12;LITRO;SI; ; ; ; ;,5;KILOGRAMO;,75;LITRO;SI;NO; ; ;SI; ; ; ;3;LITRO;AZUL;,25;LITRO;AMARILLO; ; ; ; ;1;OTRAS FLORES TRANSITORIAS; ; ;1200; ;TOTAL NACIONAL;0
05015801123530008;COTOPAXI;01;12353;0008;1;OTRAS FLORES TRANSITORIAS;1;BAJO INVERNADERO;1;25;0;,2; ;15000; ; ; ; ; ; ;2;2;2;2;SI;,2; ; ; ;100; ; ;NO;NO; ; ; ; ; ; ;NO; ; ; ; ; ; ; ; ;NO;NO; ; ; ; ; ; ; ; ; ; ; ; ; ; ; ;0;0;OTRAS FLORES TRANSITORIAS; ; ; ; ;TOTAL NACIONAL;72,0198319797072
05015801123530023;COTOPAXI;01;12353;0023;1;OTRAS FLORES TRANSITORIAS;1;BAJO INVERNADERO;1;25;3;,19;,19;42000;126000;BONCHE;2520;25;50;50;1;2;1;1;SI;,19; ; ; ;100; ; ;SI;SI;14;QUINTAL; ; ;3;LITRO;SI; ; ;1,5;LITRO; ; ;,5;KILOGRAMO;SI;NO; ; ;SI; ; ; ;1,5;LIBRA;AMARILLO;1,5;KILOGRAMO;AZUL; ; ; ; ;1;OTRAS FLORES TRANSITORIAS; ; ;2520; ;TOTAL NACIONAL;74,3557881562988
05015801123530023;COTOPAXI;01;12353;0023;2;OTRAS FLORES TRANSITORIAS;1;BAJO INVERNADERO;3;25;6;,19;,19;42000;126000;BONCHE;2520;25;50;50;1;2;1;1;SI;,19; ; ; ;100; ; ;SI;SI;14;QUINTAL; ; ;3;LITRO;SI; ; ;1,5;LITRO; ; ;,5;KILOGRAMO;SI;NO; ; ;SI; ; ; ;1,5;LIBRA;AMARILLO;1,5;KILOGRAMO;AZUL; ; ; ; ;1;OTRAS FLORES TRANSITORIAS; ; ;2520; ;TOTAL NACIONAL;74,3557881562988
05015801123530023;COTOPAXI;01;12353;0023;3;OTRAS FLORES TRANSITORIAS;1;BAJO INVERNADERO;6;25;9;,19;,19;42000;126000;BONCHE;2520;25;50;50;1;2;1;1;SI;,19; ; ; ;100; ; ;SI;SI;14;QUINTAL; ; ;3;LITRO;SI; ; ;1,5;LITRO; ; ;,5;KILOGRAMO;SI;NO; ; ;SI; ; ; ;1,5;LIBRA;AMARILLO;1,5;KILOGRAMO;AZUL; ; ; ; ;1;OTRAS FLORES TRANSITORIAS; ; ;2520; ;TOTAL NACIONAL;74,3557881562988
05015801123530023;COTOPAXI;01;12353;0023;4;OTRAS FLORES TRANSITORIAS;1;BAJO INVERNADERO;9;25;12;,19;,19;42000;126000;BONCHE;2520;25;50;50;1;2;1;1;SI;,19; ; ; ;100; ; ;SI;SI;14;QUINTAL; ; ;3;LITRO;SI; ; ;1,5;LITRO; ; ;,5;KILOGRAMO;SI;NO; ; ;SI; ; ; ;1,5;LIBRA;AMARILLO;1,5;KILOGRAMO;AZUL; ; ; ; ;1;OTRAS FLORES TRANSITORIAS; ; ;2520; ;TOTAL NACIONAL;74,3557881562988
05015801123530023;COTOPAXI;01;12353;0023;5;OTRAS FLORES TRANSITORIAS;2;BAJO INVERNADERO;1;25;3;,2;,2;80000;240000;BONCHE;4800;25;50;50;1;2;1;1;SI;,2; ; ; ;100; ; ;SI;SI;16;QUINTAL; ; ;3,5;LITRO;SI; ; ;1,5;LITRO; ; ;,5;KILOGRAMO;SI;NO; ; ;SI; ; ; ;1,5;LIBRA;AMARILLO;1,5;KILOGRAMO;AZUL; ; ; ; ;1;OTRAS FLORES TRANSITORIAS; ; ;4800; ;TOTAL NACIONAL;56,9512696011298
05015801123530023;COTOPAXI;01;12353;0023;6;OTRAS FLORES TRANSITORIAS;2;BAJO INVERNADERO;3;25;6;,2;,2;80000;240000;BONCHE;4800;25;50;50;1;2;1;1;SI;,2; ; ; ;100; ; ;SI;SI;16;QUINTAL; ; ;3,5;LITRO;SI; ; ;1,5;LITRO; ; ;,5;KILOGRAMO;SI;NO; ; ;SI; ; ; ;1,5;LIBRA;AMARILLO;1,5;KILOGRAMO;AZUL; ; ; ; ;1;OTRAS FLORES TRANSITORIAS; ; ;4800; ;TOTAL NACIONAL;56,9512696011298
05015801123530023;COTOPAXI;01;12353;0023;7;OTRAS FLORES TRANSITORIAS;2;BAJO INVERNADERO;6;25;9;,2;,2;80000;240000;BONCHE;4800;25;50;50;1;2;1;1;SI;,2; ; ; ;100; ; ;SI;SI;16;QUINTAL; ; ;3,5;LITRO;SI; ; ;1,5;LITRO; ; ;,5;KILOGRAMO;SI;NO; ; ;SI; ; ; ;1,5;LIBRA;AMARILLO;1,5;KILOGRAMO;AZUL; ; ; ; ;1;OTRAS FLORES TRANSITORIAS; ; ;4800; ;TOTAL NACIONAL;56,9512696011298
05015801123530023;COTOPAXI;01;12353;0023;8;OTRAS FLORES TRANSITORIAS;2;BAJO INVERNADERO;9;25;12;,2;,2;80000;240000;BONCHE;4800;25;50;50;1;2;1;1;SI;,2; ; ; ;100; ; ;SI;SI;16;QUINTAL; ; ;3,5;LITRO;SI; ; ;1,5;LITRO; ; ;,5;KILOGRAMO;SI;NO; ; ;SI; ; ; ;1,5;LIBRA;AMARILLO;1,5;KILOGRAMO;AZUL; ; ; ; ;1;OTRAS FLORES TRANSITORIAS; ; ;4800; ;TOTAL NACIONAL;56,9512696011298
05015001148590003;COTOPAXI;01;14859;0003;1;GIRASOLES;2;CAMPO ABIERTO;7;25;8;,04;,04;300;300;BOUQUET;60;5;100; ;1;2;2;2;SI;,04; ;100; ; ; ; ;SI;SI;2;QUINTAL; ; ; ; ;NO; ; ; ; ; ; ; ; ;SI;NO; ; ;SI; ; ; ;,01;LITRO;AMARILLO; ; ; ; ; ; ; ; ;GIRASOL; ; ; ;60;TOTAL NACIONAL;32,4072793513072
05015001148590003;COTOPAXI;01;14859;0003;2;GIRASOLES;2;CAMPO ABIERTO;10;25;11;,04;,04;300;300;BOUQUET;60;5;100; ;1;2;2;2;SI;,04; ;100; ; ; ; ;SI;SI;2;QUINTAL; ; ; ; ;NO; ; ; ; ; ; ; ; ;SI;NO; ; ;SI; ; ; ;,01;LITRO;AMARILLO; ; ; ; ; ; ; ; ;GIRASOL; ; ; ;60;TOTAL NACIONAL;32,4072793513072
05015803003840025;COTOPAXI;03;00384;0025;1;OTRAS FLORES TRANSITORIAS;1;BAJO INVERNADERO;1;25;3;,12;,12;250000;200000;BOUQUET;20000;10;60;40;1;1;1;1;SI;,12; ; ; ;100; ; ;SI;SI;25;QUINTAL; ; ; ; ;SI; ; ;12;LITRO; ; ; ; ;SI;NO; ; ;SI; ; ; ; ; ; ;,75;LITRO;ROJO; ; ; ; ;1;OTRAS FLORES TRANSITORIAS; ; ; ;20000;TOTAL NACIONAL;255,712816214595
05015803003840025;COTOPAXI;03;00384;0025;2;OTRAS FLORES TRANSITORIAS;1;BAJO INVERNADERO;4;25;6;,12;,12;250000;200000;BOUQUET;20000;10;60;40;1;1;1;1;SI;,12; ; ; ;100; ; ;SI;NO; ; ; ; ; ; ;SI; ; ;12;LITRO; ; ; ; ;SI;NO; ; ;SI; ; ; ; ; ; ;,75;LITRO;ROJO; ; ; ; ;1;OTRAS FLORES TRANSITORIAS; ; ; ;20000;TOTAL NACIONAL;255,712816214595
05015803003840025;COTOPAXI;03;00384;0025;3;OTRAS FLORES TRANSITORIAS;1;BAJO INVERNADERO;7;25;9;,12;,12;250000;200000;BOUQUET;20000;10;60;40;1;1;1;1;SI;,12; ; ; ;100; ; ;SI;SI;25;QUINTAL; ; ; ; ;SI; ; ;12;LITRO; ; ; ; ;SI;NO; ; ;SI; ; ; ; ; ; ;,75;LITRO;ROJO; ; ; ; ;1;OTRAS FLORES TRANSITORIAS; ; ; ;20000;TOTAL NACIONAL;255,712816214595
05015803003840025;COTOPAXI;03;00384;0025;4;OTRAS FLORES TRANSITORIAS;1;BAJO INVERNADERO;10;25;12;,12;,12;250000;200000;BOUQUET;20000;10;60;40;1;1;1;1;SI;,12; ; ; ;100; ; ;SI;NO; ; ; ; ; ; ;SI; ; ;12;LITRO; ; ; ; ;SI;NO; ; ;SI; ; ; ; ; ; ;,75;LITRO;ROJO; ; ; ; ;1;OTRAS FLORES TRANSITORIAS; ; ; ;20000;TOTAL NACIONAL;255,712816214595
05015803003840025;COTOPAXI;03;00384;0025;5;OTRAS FLORES TRANSITORIAS;2;BAJO INVERNADERO;1;25;3;,17;,17;280000;196000;BOUQUET;19600;10;70;30;1;1;1;1;SI;,17; ; ; ;100; ; ;SI;SI;40;QUINTAL; ; ; ; ;SI; ; ;18;LITRO; ; ; ; ;SI;NO; ; ;SI; ; ; ; ; ; ;1;LITRO;ROJO; ; ; ; ;1;OTRAS FLORES TRANSITORIAS; ; ; ;19600;TOTAL NACIONAL;128,870863876138
05015803003840025;COTOPAXI;03;00384;0025;6;OTRAS FLORES TRANSITORIAS;2;BAJO INVERNADERO;4;25;6;,17;,17;280000;196000;BOUQUET;19600;10;70;30;1;1;1;1;SI;,17; ; ; ;100; ; ;SI;NO; ; ; ; ; ; ;SI; ; ;18;LITRO; ; ; ; ;SI;NO; ; ;SI; ; ; ; ; ; ;1;LITRO;ROJO; ; ; ; ;1;OTRAS FLORES TRANSITORIAS; ; ; ;19600;TOTAL NACIONAL;128,870863876138
05015803003840025;COTOPAXI;03;00384;0025;7;OTRAS FLORES TRANSITORIAS;2;BAJO INVERNADERO;7;25;9;,17;,17;280000;196000;BOUQUET;19600;10;70;30;1;1;1;1;SI;,17; ; ; ;100; ; ;SI;SI;40;QUINTAL; ; ; ; ;SI; ; ;18;LITRO; ; ; ; ;SI;NO; ; ;SI; ; ; ; ; ; ;1;LITRO;ROJO; ; ; ; ;1;OTRAS FLORES TRANSITORIAS; ; ; ;19600;TOTAL NACIONAL;128,870863876138
05015803003840025;COTOPAXI;03;00384;0025;8;OTRAS FLORES TRANSITORIAS;2;BAJO INVERNADERO;10;25;12;,17;,17;280000;196000;BOUQUET;19600;10;70;30;1;1;1;1;SI;,17; ; ; ;100; ; ;SI;NO; ; ; ; ; ; ;SI; ; ;18;LITRO; ; ; ; ;SI;NO; ; ;SI; ; ; ; ; ; ;1;LITRO;ROJO; ; ; ; ;1;OTRAS FLORES TRANSITORIAS; ; ; ;19600;TOTAL NACIONAL;128,870863876138
05015803003840074;COTOPAXI;03;00384;0074;1;OTRAS FLORES TRANSITORIAS;1;BAJO INVERNADERO;2;25;4;,11;,11;200000;120000;BONCHE;12000;10;70;30;1;1;1;1;SI;,11; ; ; ;100; ; ;SI;SI;10;QUINTAL; ; ; ; ;SI; ; ;15;LITRO; ; ; ; ;SI;NO; ; ;SI; ; ; ; ; ; ;3;LITRO;AMARILLO; ; ; ; ;1;OTRAS FLORES TRANSITORIAS; ; ;12000; ;TOTAL NACIONAL;210,679248369614
05015803003840074;COTOPAXI;03;00384;0074;2;OTRAS FLORES TRANSITORIAS;1;BAJO INVERNADERO;5;25;7;,11;,11;200000;120000;BONCHE;12000;10;70;30;1;1;1;1;SI;,11; ; ; ;100; ; ;SI;NO; ; ; ; ; ; ;SI; ; ;15;LITRO; ; ; ; ;SI;NO; ; ;SI; ; ; ; ; ; ;3;LITRO;AMARILLO; ; ; ; ;1;OTRAS FLORES TRANSITORIAS; ; ;12000; ;TOTAL NACIONAL;210,679248369614
05015803003840074;COTOPAXI;03;00384;0074;3;OTRAS FLORES TRANSITORIAS;1;BAJO INVERNADERO;8;25;10;,11;,11;200000;120000;BONCHE;12000;10;70;30;1;1;1;1;SI;,11; ; ; ;100; ; ;SI;NO; ; ; ; ; ; ;SI; ; ;15;LITRO; ; ; ; ;SI;NO; ; ;SI; ; ; ; ; ; ;3;LITRO;AMARILLO; ; ; ; ;1;OTRAS FLORES TRANSITORIAS; ; ;12000; ;TOTAL NACIONAL;210,679248369614
05015803003840074;COTOPAXI;03;00384;0074;4;OTRAS FLORES TRANSITORIAS;2;BAJO INVERNADERO;3;25;6;,06;,06;120000;72000;BONCHE;7200;10;70;30;1;1;1;1;SI;,06; ; ; ;100; ; ;SI;SI;5;QUINTAL; ; ; ; ;SI; ; ;8;LITRO; ; ; ; ;SI;NO; ; ;SI; ; ; ; ; ; ;1;LITRO;AMARILLO; ; ; ; ;1;OTRAS FLORES TRANSITORIAS; ; ;7200; ;TOTAL NACIONAL;260,470263958122
05015803003840074;COTOPAXI;03;00384;0074;5;OTRAS FLORES TRANSITORIAS;2;BAJO INVERNADERO;7;25;9;,06;,06;120000;72000;BONCHE;7200;10;70;30;1;1;1;1;SI;,06; ; ; ;100; ; ;SI;NO; ; ; ; ; ; ;SI; ; ;8;LITRO; ; ; ; ;SI;NO; ; ;SI; ; ; ; ; ; ;1;LITRO;AMARILLO; ; ; ; ;1;OTRAS FLORES TRANSITORIAS; ; ;7200; ;TOTAL NACIONAL;260,470263958122
05015803003840074;COTOPAXI;03;00384;0074;6;OTRAS FLORES TRANSITORIAS;2;BAJO INVERNADERO;10;25;12;,06;,06;120000;72000;BONCHE;7200;10;70;30;1;1;1;1;SI;,06; ; ; ;100; ; ;SI;NO; ; ; ; ; ; ;SI; ; ;8;LITRO; ; ; ; ;SI;NO; ; ;SI; ; ; ; ; ; ;1;LITRO;AMARILLO; ; ; ; ;1;OTRAS FLORES TRANSITORIAS; ; ;7200; ;TOTAL NACIONAL;260,470263958122
05015803003840089;COTOPAXI;03;00384;0089;1;OTRAS FLORES TRANSITORIAS;2;BAJO INVERNADERO;1;25;3;,1;,1;230000;161000;BONCHE;16100;10;20;80;1;1;1;1;SI;,1; ; ; ;100; ; ;SI;SI;10;QUINTAL; ; ; ; ;SI; ; ;24;LITRO; ; ; ; ;SI;NO; ; ;SI; ; ; ; ; ; ;1;LITRO;AMARILLO; ; ; ; ;1;OTRAS FLORES TRANSITORIAS; ; ;16100; ;TOTAL NACIONAL;208,376211166498
05015803003840089;COTOPAXI;03;00384;0089;2;OTRAS FLORES TRANSITORIAS;2;BAJO INVERNADERO;4;25;6;,1;,1;230000;161000;BONCHE;16100;10;20;80;1;1;1;1;SI;,1; ; ; ;100; ; ;SI;NO; ; ; ; ; ; ;SI; ; ;24;LITRO; ; ; ; ;SI;NO; ; ;SI; ; ; ; ; ; ;1;LITRO;AMARILLO; ; ; ; ;1;OTRAS FLORES TRANSITORIAS; ; ;16100; ;TOTAL NACIONAL;208,376211166498
05015803003840089;COTOPAXI;03;00384;0089;3;OTRAS FLORES TRANSITORIAS;2;BAJO INVERNADERO;7;25;9;,1;,1;230000;161000;BONCHE;16100;10;20;80;1;1;1;1;SI;,1; ; ; ;100; ; ;SI;SI;10;QUINTAL; ; ; ; ;SI; ; ;20;LITRO; ; ; ; ;SI;NO; ; ;SI; ; ; ; ; ; ;1;LITRO;AMARILLO; ; ; ; ;1;OTRAS FLORES TRANSITORIAS; ; ;16100; ;TOTAL NACIONAL;208,376211166498
05015803003840089;COTOPAXI;03;00384;0089;4;OTRAS FLORES TRANSITORIAS;2;BAJO INVERNADERO;10;25;12;,1;,1;230000;161000;BONCHE;16100;10;20;80;1;1;1;1;SI;,1; ; ; ;100; ; ;SI;NO; ; ; ; ; ; ;SI; ; ;20;LITRO; ; ; ; ;SI;NO; ; ;SI; ; ; ; ; ; ;1;LITRO;AMARILLO; ; ; ; ;1;OTRAS FLORES TRANSITORIAS; ; ;16100; ;TOTAL NACIONAL;208,376211166498
05015803003840105;COTOPAXI;03;00384;0105;1;OTRAS FLORES TRANSITORIAS;3;BAJO INVERNADERO;1;25;3;,15;,15;126000;75600;BONCHE;7560;10;25;75;1;1;1;1;SI;,15; ; ; ;100; ; ;SI;SI;15;QUINTAL; ; ; ; ;SI; ; ;12;LITRO; ; ; ; ;SI;NO; ; ;SI; ; ; ; ; ; ;1,5;LITRO;AMARILLO; ; ; ; ;2;OTRAS FLORES TRANSITORIAS; ; ;7560; ;TOTAL NACIONAL;101,333636937133
05015803003840105;COTOPAXI;03;00384;0105;2;OTRAS FLORES TRANSITORIAS;3;BAJO INVERNADERO;4;25;6;,15;,15;126000;75600;BONCHE;7560;10;25;75;1;1;1;1;SI;,15; ; ; ;100; ; ;SI;NO; ; ; ; ; ; ;SI; ; ;12;LITRO; ; ; ; ;SI;NO; ; ;SI; ; ; ; ; ; ;1,5;LITRO;AMARILLO; ; ; ; ;2;OTRAS FLORES TRANSITORIAS; ; ;7560; ;TOTAL NACIONAL;101,333636937133
05015803003840105;COTOPAXI;03;00384;0105;3;OTRAS FLORES TRANSITORIAS;3;BAJO INVERNADERO;7;25;9;,15;,15;126000;75600;BONCHE;7560;10;25;75;1;1;1;1;SI;,15; ; ; ;100; ; ;SI;SI;15;QUINTAL; ; ; ; ;SI; ; ;15;LITRO; ; ; ; ;SI;NO; ; ;SI; ; ; ; ; ; ;1;LITRO;AMARILLO; ; ; ; ;2;OTRAS FLORES TRANSITORIAS; ; ;7560; ;TOTAL NACIONAL;101,333636937133
05015803003840105;COTOPAXI;03;00384;0105;4;OTRAS FLORES TRANSITORIAS;3;BAJO INVERNADERO;10;25;12;,15;,15;126000;75600;BONCHE;7560;10;25;75;1;1;1;1;SI;,15; ; ; ;100; ; ;SI;NO; ; ; ; ; ; ;SI; ; ;15;LITRO; ; ; ; ;SI;NO; ; ;SI; ; ; ; ; ; ;1;LITRO;AMARILLO; ; ; ; ;2;OTRAS FLORES TRANSITORIAS; ; ;7560; ;TOTAL NACIONAL;101,333636937133
05016163000993629;COTOPAXI;63;00099;3629;1;OTRAS FLORES TRANSITORIAS;1;BAJO INVERNADERO;1;25;3;1;1;2800;20800;BOUQUET;1681;12;100; ;1;1;1;1;SI;1; ; ; ;100; ; ;SI;SI; ; ;50;QUINTAL;80;LITRO;SI; ; ;45;QUINTAL; ; ;3,5;QUINTAL;SI;NO; ; ;SI; ; ; ;20;LITRO;AZUL;12;LITRO;AZUL; ; ; ;0; ;OTRAS FLORES TRANSITORIAS; ; ; ;1681;TOTAL NACIONAL;1
05016163000993629;COTOPAXI;63;00099;3629;2;OTRAS FLORES TRANSITORIAS;1;BAJO INVERNADERO;4;25;6;1;1;2800;20800;BOUQUET;1681;12;100; ;1;1;1;1;SI;1; ; ; ;100; ; ;SI;SI; ; ;50;QUINTAL;80;LITRO;SI; ; ;45;QUINTAL; ; ;3,5;QUINTAL;SI;NO; ; ;SI; ; ; ;20;LITRO;AZUL;12;LITRO;AZUL; ; ; ; ; ;OTRAS FLORES TRANSITORIAS; ; ; ;1681;TOTAL NACIONAL;1
05016163000993629;COTOPAXI;63;00099;3629;3;OTRAS FLORES TRANSITORIAS;1;BAJO INVERNADERO;7;25;9;1;1;2800;20800;BOUQUET;1681;12;100; ;1;1;1;1;SI;1; ; ; ;100; ; ;SI;SI; ; ;50;QUINTAL;80;LITRO;SI; ; ;45;QUINTAL; ; ;3,5;QUINTAL;SI;NO; ; ;SI; ; ; ;20;LITRO;AZUL;12;LITRO;AZUL; ; ; ; ; ;OTRAS FLORES TRANSITORIAS; ; ; ;1681;TOTAL NACIONAL;1
05016163000993629;COTOPAXI;63;00099;3629;4;OTRAS FLORES TRANSITORIAS;1;BAJO INVERNADERO;10;25;12;1;1;2800;20800;BOUQUET;1681;12;100; ;1;1;1;1;SI;1; ; ; ;100; ; ;SI;SI; ; ;50;QUINTAL;80;LITRO;SI; ; ;45;QUINTAL; ; ;3,5;QUINTAL;SI;NO; ; ;SI; ; ; ;20;LITRO;AZUL;12;LITRO;AZUL; ; ; ; ; ;OTRAS FLORES TRANSITORIAS; ; ; ;1681;TOTAL NACIONAL;1
05015663000993678;COTOPAXI;63;00099;3678;1;DELPHINIUM  (LACKPUR);2;BAJO INVERNADERO;1;25;12;,7;,7;62000;792000;BOUQUET;59400;10; ;100;1;1;1;2;SI;,7; ; ; ;100; ; ;SI;SI; ; ;135023;KILOGRAMO; ; ;SI; ; ;49200;KILOGRAMO;2712;KILOGRAMO;20016;KILOGRAMO;SI;NO; ; ;SI; ; ; ;424,8;LITRO;VERDE;1416;KILOGRAMO;VERDE;176,1;LITRO;VERDE; ; ;DELPHINIUM  (LACKPUR); ; ; ;59400;TOTAL NACIONAL;1
10065001048130001;IMBABURA;01;04813;0001;1;OTRAS FLORES TRANSITORIAS;1;BAJO INVERNADERO;2;25;4;,75;,75;70000;1500000;FULL TABACO;4285;350;2;98;1;1;1;1;SI;,75; ; ; ;100; ; ;SI;SI;6600;KILOGRAMO; ; ; ; ;SI; ; ;170;KILOGRAMO;468;KILOGRAMO;225;KILOGRAMO;SI;NO; ; ;SI;50,85;KILOGRAMO;AMARILLO;25,42;KILOGRAMO;AMARILLO;50,85;KILOGRAMO;AMARILLO; ; ; ; ; ;OTRAS FLORES TRANSITORIAS;4285; ; ; ;TOTAL NACIONAL;52,0651072383431
10065001048130001;IMBABURA;01;04813;0001;2;OTRAS FLORES TRANSITORIAS;1;BAJO INVERNADERO;6;25;8;,75;,75;70000;1500000;FULL TABACO;4285;350;2;98;1;1;1;1;SI;,75; ; ; ;100; ; ;SI;SI;6600;KILOGRAMO; ; ; ; ;SI; ; ;170;KILOGRAMO;468;KILOGRAMO;225;KILOGRAMO;SI;NO; ; ;SI;50,85;KILOGRAMO;AMARILLO;25,42;KILOGRAMO;AMARILLO;50,85;KILOGRAMO;AMARILLO; ; ; ; ; ;OTRAS FLORES TRANSITORIAS;4285; ; ; ;TOTAL NACIONAL;52,0651072383431
10065001048130001;IMBABURA;01;04813;0001;3;OTRAS FLORES TRANSITORIAS;1;BAJO INVERNADERO;10;25;12;,75;,75;70000;1500000;FULL TABACO;4285;350;2;98;1;1;1;1;SI;,75; ; ; ;100; ; ;SI;SI;6600;KILOGRAMO; ; ; ; ;SI; ; ;170;KILOGRAMO;468;KILOGRAMO;225;KILOGRAMO;SI;NO; ; ;SI;50,85;KILOGRAMO;AMARILLO;25,42;KILOGRAMO;AMARILLO;50,85;KILOGRAMO;AMARILLO; ; ; ; ; ;OTRAS FLORES TRANSITORIAS;4285; ; ; ;TOTAL NACIONAL;52,0651072383431
10065001048130001;IMBABURA;01;04813;0001;4;OTRAS FLORES TRANSITORIAS;2;BAJO INVERNADERO;1;25;3;1,8;1,8;168000;360000;FULL TABACO;1028;350;2;98;1;1;1;1;SI;1,8; ; ; ;100; ; ;SI;SI;15840;KILOGRAMO; ; ; ; ;SI; ; ;410;KILOGRAMO;1123;KILOGRAMO;540;KILOGRAMO;SI;NO; ; ;SI;121,99;KILOGRAMO;AMARILLO;60,99;KILOGRAMO;AMARILLO;121,99;KILOGRAMO;AMARILLO; ; ; ; ; ;OTRAS FLORES TRANSITORIAS;1028; ; ; ;TOTAL NACIONAL;64,3971979381593
10065001048130001;IMBABURA;01;04813;0001;5;OTRAS FLORES TRANSITORIAS;2;BAJO INVERNADERO;9;25;11;1,8;1,8;168000;360000;FULL TABACO;1028;350;2;98;1;1;1;1;SI;1,8; ; ; ;100; ; ;SI;SI;15840;KILOGRAMO; ; ; ; ;SI; ; ;410;KILOGRAMO;1123;KILOGRAMO;540;KILOGRAMO;SI;NO; ; ;SI;121,99;KILOGRAMO;AMARILLO;60,99;KILOGRAMO;AMARILLO;121,99;KILOGRAMO;AMARILLO; ; ; ; ; ;OTRAS FLORES TRANSITORIAS;1028; ; ; ;TOTAL NACIONAL;64,3971979381593
10065001048130001;IMBABURA;01;04813;0001;6;OTRAS FLORES TRANSITORIAS;2;BAJO INVERNADERO;9;25;11;1,8;1,8;168000;360000;FULL TABACO;1028;350;2;98;1;1;1;1;SI;1,8; ; ; ;100; ; ;SI;SI;15840;KILOGRAMO; ; ; ; ;SI; ; ;410;KILOGRAMO;1123;KILOGRAMO;540;KILOGRAMO;SI;NO; ; ;SI;121,99;KILOGRAMO;AMARILLO;60,99;KILOGRAMO;AMARILLO;121,99;KILOGRAMO;AMARILLO; ; ; ; ; ;OTRAS FLORES TRANSITORIAS;1028; ; ; ;TOTAL NACIONAL;64,3971979381593
10065563000993786;IMBABURA;63;00099;3786;1;OTRAS FLORES TRANSITORIAS;3;BAJO INVERNADERO;1;25;6;2;2;70000;70000;BONCHE;6300;10; ;100;1;2;1;1;SI;2; ; ; ;100; ; ;SI;SI; ; ; ; ;1200;LITRO;SI;300;KILOGRAMO;1900;KILOGRAMO; ; ;600;KILOGRAMO;SI;SI;93;LITRO;SI; ; ; ;4,8;KILOGRAMO;AZUL;15,6;KILOGRAMO;AZUL;3;LITRO;AZUL; ; ;OTRAS FLORES TRANSITORIAS; ; ;6300; ;TOTAL NACIONAL;1
10065563000993786;IMBABURA;63;00099;3786;2;OTRAS FLORES TRANSITORIAS;3;BAJO INVERNADERO;6;25;12;2;2;70000;70000;BONCHE;6300;10; ;100;1;2;1;1;SI;2; ; ; ;100; ; ;SI;SI; ; ; ; ;1200;LITRO;SI;300;KILOGRAMO;1900;KILOGRAMO; ; ;600;KILOGRAMO;SI;SI;93;LITRO;SI; ; ; ;4,8;KILOGRAMO;AZUL;15,6;KILOGRAMO;AZUL;3;LITRO;AZUL; ; ;OTRAS FLORES TRANSITORIAS; ; ;6300; ;TOTAL NACIONAL;1
10065563000993786;IMBABURA;63;00099;3786;3;SCABIOSAS;4;CAMPO ABIERTO;1;25;12;,5;,5;25000;25000;BONCHE;2250;10; ;100;1;2;1;1;SI;,5; ; ; ;100; ; ;SI;SI; ; ; ; ;600;LITRO;SI;25;KILOGRAMO;950;KILOGRAMO; ; ;150;KILOGRAMO;SI;SI;9;LITRO;SI; ; ; ;4,8;KILOGRAMO;AZUL;15,6;LITRO;AZUL;3;LITRO;AZUL; ; ;SCABIOSA; ; ;2250; ;TOTAL NACIONAL;1
10035063000994234;IMBABURA;63;00099;4234;1;GIRASOLES;1;CAMPO ABIERTO;1;25;2;,6;,6;30000;30000;TABACO;135;200; ;100;1;2;1;2;SI;,6; ; ; ;100; ; ;SI;SI;4,32;TONELADA; ; ; ; ;NO; ; ; ; ; ; ; ; ;NO;NO; ; ; ; ; ; ; ; ; ; ; ; ; ; ; ; ; ;GIRASOL; ;135; ; ;TOTAL NACIONAL;1
10035063000994234;IMBABURA;63;00099;4234;2;GIRASOLES;1;CAMPO ABIERTO;3;25;4;,6;,6;30000;30000;TABACO;135;200; ;100;1;2;1;2;SI;,6; ; ; ;100; ; ;SI;SI;4,32;TONELADA; ; ; ; ;NO; ; ; ; ; ; ; ; ;NO;NO; ; ; ; ; ; ; ; ; ; ; ; ; ; ; ; ; ;GIRASOL; ;135; ; ;TOTAL NACIONAL;1
10035063000994234;IMBABURA;63;00099;4234;3;GIRASOLES;1;CAMPO ABIERTO;5;25;6;,6;,6;30000;30000;TABACO;135;200; ;100;1;2;1;2;SI;,6; ; ; ;100; ; ;SI;SI;4,32;TONELADA; ; ; ; ;NO; ; ; ; ; ; ; ; ;NO;NO; ; ; ; ; ; ; ; ; ; ; ; ; ; ; ; ; ;GIRASOL; ;135; ; ;TOTAL NACIONAL;1
10035063000994234;IMBABURA;63;00099;4234;4;GIRASOLES;1;CAMPO ABIERTO;7;25;8;,6;,6;30000;30000;TABACO;135;200;0;100;1;2;1;2;SI;,6; ; ; ;100; ; ;SI;SI;4,32;TONELADA; ; ; ; ;NO; ; ; ; ; ; ; ; ;NO;NO; ; ; ; ; ; ; ; ; ; ; ; ; ; ; ;0; ;GIRASOL; ;135; ; ;TOTAL NACIONAL;1
10035063000994234;IMBABURA;63;00099;4234;5;GIRASOLES;1;CAMPO ABIERTO;9;25;10;,6;,6;30000;30000;TABACO;135;200; ;100;1;2;1;2;SI;,6; ; ; ;100; ; ;SI;SI;4,32;TONELADA; ; ; ; ;NO; ; ; ; ; ; ; ; ;NO;NO; ; ; ; ; ; ; ; ; ; ; ; ; ; ; ; ; ;GIRASOL; ;135; ; ;TOTAL NACIONAL;1
10035063000994234;IMBABURA;63;00099;4234;6;GIRASOLES;1;CAMPO ABIERTO;11;25;12;,6;,6;30000;30000;TABACO;135;200; ;100;1;2;1;2;SI;,6; ; ; ;100; ; ;SI;SI;4,32;TONELADA; ; ; ; ;NO; ; ; ; ; ; ; ; ;NO;NO; ; ; ; ; ; ; ; ; ; ; ; ; ; ; ; ; ;GIRASOL; ;135; ; ;TOTAL NACIONAL;1
10035063000994234;IMBABURA;63;00099;4234;7;CRASPEDIAS;3;CAMPO ABIERTO;1;25;6;,33;,33;54000;260000;FULL TABACO;780;300; ;100;1;2;1;2;SI;,33; ; ; ;100; ; ;SI;SI;9,5;TONELADA; ; ; ; ;NO; ; ; ; ; ; ; ; ;NO;NO; ; ; ; ; ; ; ; ; ; ; ; ; ; ; ; ; ;OTRAS FLORES TRANSITORIAS;780; ; ; ;TOTAL NACIONAL;1
10035063000994234;IMBABURA;63;00099;4234;8;CRASPEDIAS;3;CAMPO ABIERTO;7;25;12;,33;,33;54000;260000;FULL TABACO;780;300; ;100;1;2;1;2;SI;,33; ; ; ;100; ; ;SI;SI;9,5;TONELADA; ; ; ; ;NO; ; ; ; ; ; ; ; ;NO;NO; ; ; ; ; ; ; ; ; ; ; ; ; ; ; ; ; ;OTRAS FLORES TRANSITORIAS;780; ; ; ;TOTAL NACIONAL;1
10035063000994234;IMBABURA;63;00099;4234;9;DELPHINIUM  (LACKPUR);4;CAMPO ABIERTO;1;25;12;,67;,67;43900;219000;FULL TABACO;657;300; ;100;1;2;1;2;SI;,67; ; ; ;100; ; ;SI;SI;19,3;TONELADA; ; ; ; ;NO; ; ; ; ; ; ; ; ;NO;NO; ; ; ; ; ; ; ; ; ; ; ; ; ; ; ; ; ;DELPHINIUM  (LACKPUR);657; ; ; ;TOTAL NACIONAL;1
17045301116360001;PICHINCHA;01;11636;0001;1;GERBERAS;5;CAMPO ABIERTO;12;24;12;,5;,5;30000;300000;TABACO;2100;140;5;95;1;1;1;1;SI;,5; ; ; ;100; ; ;SI;SI; ; ;100;KILOGRAMO;100;LITRO;SI;250;KILOGRAMO;400;KILOGRAMO;250;KILOGRAMO;150;KILOGRAMO;SI;SI;900;LITRO;SI;5;LITRO;AZUL; ; ; ; ; ; ; ; ; ; ; ;OTRAS FLORES TRANSITORIAS; ;2100; ; ;TOTAL NACIONAL;6,01487785872321
17045301116360001;PICHINCHA;01;11636;0001;2;GERBERAS;6;CAMPO ABIERTO;12;24;12;,5;,5;30000;300000;TABACO;2100;140;5;95;1;1;1;1;SI;,5; ; ; ;100; ; ;SI;SI; ; ;100;KILOGRAMO;100;LITRO;SI;250;KILOGRAMO;400;KILOGRAMO;250;KILOGRAMO;150;KILOGRAMO;SI;SI;900;LITRO;SI;5;LITRO;AZUL; ; ; ; ; ; ; ; ; ; ; ;OTRAS FLORES TRANSITORIAS; ;2100; ; ;TOTAL NACIONAL;18,2789794667692
17045301116360001;PICHINCHA;01;11636;0001;3;GERBERAS;7;CAMPO ABIERTO;12;24;12;,5;,5;30000;300000;TABACO;2100;140;5;95;1;1;1;1;SI;,5; ; ; ;100; ; ;SI;SI; ; ;100;KILOGRAMO;100;LITRO;SI;250;KILOGRAMO;400;KILOGRAMO;250;KILOGRAMO;150;KILOGRAMO;SI;SI;900;LITRO;SI;5;LITRO;AZUL; ; ; ; ; ; ; ; ; ; ; ;OTRAS FLORES TRANSITORIAS; ;2100; ; ;TOTAL NACIONAL;75,5114536376506
17045301116360001;PICHINCHA;01;11636;0001;4;GERBERAS;8;CAMPO ABIERTO;12;24;12;,25;,25;15000;150000;TABACO;1050;140;5;95;1;1;1;1;SI;,25; ; ; ;100; ; ;SI;SI; ; ;50;KILOGRAMO;50;LITRO;SI;125;KILOGRAMO;200;KILOGRAMO;125;KILOGRAMO;75;KILOGRAMO;SI;SI;450;LITRO;SI;2,5;LITRO;AZUL; ; ; ; ; ; ; ; ; ; ; ;OTRAS FLORES TRANSITORIAS; ;1050; ; ;TOTAL NACIONAL;38,7712256780903
17045301116360001;PICHINCHA;01;11636;0001;5;GERBERAS;9;CAMPO ABIERTO;12;24;12;,25;,25;15000;150000;TABACO;1050;140;5;95;1;1;1;1;SI;,25; ; ; ;100; ; ;SI;SI; ; ;50;KILOGRAMO;50;LITRO;SI;125;KILOGRAMO;200;KILOGRAMO;125;KILOGRAMO;75;KILOGRAMO;SI;SI;450;LITRO;SI;2,5;LITRO;AZUL; ; ; ; ; ; ; ; ; ; ; ;OTRAS FLORES TRANSITORIAS; ;1050; ; ;TOTAL NACIONAL;72,6732645181665
17016301133120001;PICHINCHA;01;13312;0001;1;GIRASOLES;1;BAJO INVERNADERO;12;24;3;,1;,1;800;800;BONCHE;160;5; ;100;1;1;1;2;SI;,1; ; ; ;100; ; ;SI;NO; ; ; ; ; ; ;SI;200;KILOGRAMO;100;KILOGRAMO; ; ;100;KILOGRAMO;SI;NO; ; ;SI;1;LITRO;AZUL;3;LITRO;AZUL;2000;KILOGRAMO;AZUL;1000;KILOGRAMO;AZUL;30; ;GIRASOL; ; ;160; ;TOTAL NACIONAL;201,211405673243
17016301133120001;PICHINCHA;01;13312;0001;2;GIRASOLES;1;CAMPO ABIERTO;7;25;11;,1;,1;800;800;BONCHE;160;5; ;100;1;1;1;2;SI;,1; ; ; ;100; ; ;SI;NO; ; ; ; ; ; ;SI;200;KILOGRAMO;100;KILOGRAMO; ; ;100;KILOGRAMO;SI;NO; ; ;SI;1;LITRO;AZUL;3;LITRO;AZUL;2000;KILOGRAMO;AZUL;1000;KILOGRAMO;AZUL;30; ;GIRASOL; ; ;160; ;TOTAL NACIONAL;201,211405673243
17016301149330001;PICHINCHA;01;14933;0001;1;ASTER;1;CAMPO ABIERTO;1;25;4;7,75;7,75;2431705;2431705;BOUQUET;770039;3; ;100;1;1;1;1;SI;7,75; ; ; ;100; ; ;SI;SI; ; ;17005,52;KILOGRAMO; ; ;SI;60538,08;KILOGRAMO; ; ; ; ; ; ;SI;NO; ; ;SI; ; ; ;224,32;LITRO;VERDE;224,11;KILOGRAMO;VERDE;90,68;LITRO;VERDE; ; ;ASTER; ; ; ;770039;TOTAL NACIONAL;0
17016301149330001;PICHINCHA;01;14933;0001;2;ASTER;1;CAMPO ABIERTO;5;25;8;7,75;7,75;2431705;2431705;BOUQUET;770039;3; ;100;1;1;1;1;SI;7,75; ; ; ;100; ; ;SI;SI; ; ;17005,52;KILOGRAMO; ; ;SI;60538,08;KILOGRAMO; ; ; ; ; ; ;SI;NO; ; ;SI; ; ; ;224,32;LITRO;VERDE;224,11;KILOGRAMO;VERDE;90,68;LITRO;VERDE; ; ;ASTER; ; ; ;770039;TOTAL NACIONAL;0
17016301149330001;PICHINCHA;01;14933;0001;3;ASTER;1;CAMPO ABIERTO;9;25;12;7,75;7,75;2431705;2431705;BOUQUET;770039;3; ;100;1;1;1;1;SI;7,75; ; ; ;100; ; ;SI;SI; ; ;17005,52;KILOGRAMO; ; ;SI;60538,08;KILOGRAMO; ; ; ; ; ; ;SI;NO; ; ;SI; ; ; ;224,32;LITRO;VERDE;224,11;KILOGRAMO;VERDE;90,68;LITRO;VERDE; ; ;ASTER; ; ; ;770039;TOTAL NACIONAL;0
17016301149330001;PICHINCHA;01;14933;0001;4;ASTER;2;CAMPO ABIERTO;1;25;4;,23;,23;72166;72166;BOUQUET;22852;3; ;100;1;1;1;1;SI;,23; ; ; ;100; ; ;SI;SI; ; ;504,68;KILOGRAMO; ; ;SI;1796,61;KILOGRAMO; ; ; ; ; ; ;SI;NO; ; ;SI; ; ; ;6,65;LITRO;VERDE;6,65;KILOGRAMO;VERDE;2,69;LITRO;VERDE; ; ;ASTER; ; ; ;22852;TOTAL NACIONAL;0
17016301149330001;PICHINCHA;01;14933;0001;5;ASTER;2;CAMPO ABIERTO;5;25;8;,23;,23;72166;72166;BOUQUET;22852;3; ;100;1;1;1;1;SI;,23; ; ; ;100; ; ;SI;SI; ; ;504,68;KILOGRAMO; ; ;SI;1796,61;KILOGRAMO; ; ; ; ; ; ;SI;NO; ; ;SI; ; ; ;6,65;LITRO;VERDE;6,65;KILOGRAMO;VERDE;2,69;LITRO;VERDE; ; ;ASTER; ; ; ;22852;TOTAL NACIONAL;0
17016301149330001;PICHINCHA;01;14933;0001;6;ASTER;2;CAMPO ABIERTO;9;25;12;,23;,23;72166;72166;BOUQUET;22852;3; ;100;1;1;1;1;SI;,23; ; ; ;100; ; ;SI;SI; ; ;504,68;KILOGRAMO; ; ;SI;1796,61;KILOGRAMO; ; ; ; ; ; ;SI;NO; ; ;SI; ; ; ;6,65;LITRO;VERDE;6,65;KILOGRAMO;VERDE;2,69;LITRO;VERDE; ; ;ASTER; ; ; ;22852;TOTAL NACIONAL;0
17016301149330001;PICHINCHA;01;14933;0001;7;ASTER;3;CAMPO ABIERTO;1;25;4;7,75;7,75;2431705;2431705;BOUQUET;770039;3; ;100;1;1;1;1;SI;7,75; ; ; ;100; ; ;SI;SI; ; ;17005,52;KILOGRAMO; ; ;SI;60538,08;KILOGRAMO; ; ; ; ; ; ;SI;NO; ; ;SI; ; ; ;224,32;LITRO;VERDE;224,11;KILOGRAMO;VERDE;90,68;LITRO;VERDE; ; ;ASTER; ; ; ;770039;TOTAL NACIONAL;0
17016301149330001;PICHINCHA;01;14933;0001;8;ASTER;3;CAMPO ABIERTO;5;25;8;7,75;7,75;2431705;2731705;BOUQUET;770039;3; ;100;1;1;1;1;SI;7,75; ; ; ;100; ; ;SI;SI; ; ;17005,52;KILOGRAMO; ; ;SI;60538,08;KILOGRAMO; ; ; ; ; ; ;SI;NO; ; ;SI; ; ; ;224,32;LITRO;VERDE;224,11;KILOGRAMO;VERDE;90,68;LITRO;VERDE; ; ;ASTER; ; ; ;770039;TOTAL NACIONAL;0
17016301149330001;PICHINCHA;01;14933;0001;9;ASTER;3;CAMPO ABIERTO;9;25;12;7,75;7,75;2431705;2431705;BOUQUET;770039;3; ;100;1;1;1;1;SI;7,75; ; ; ;100; ; ;SI;SI; ; ;17005,52;KILOGRAMO; ; ;SI;60538,08;KILOGRAMO; ; ; ; ; ; ;SI;NO; ; ;SI; ; ; ;224,32;LITRO;VERDE;224,11;KILOGRAMO;VERDE;90,68;LITRO;VERDE; ; ;ASTER; ; ; ;770039;TOTAL NACIONAL;0
17016301149330001;PICHINCHA;01;14933;0001;10;OTRAS FLORES TRANSITORIAS;5;CAMPO ABIERTO;1;25;3;,77;,77;303709;303709;BOUQUET;288523;1; ;100;1;1;1;1;SI;,77; ; ; ;100; ; ;SI;SI; ; ;1689,58;KILOGRAMO; ; ;SI;6014,75;KILOGRAMO; ; ; ; ; ; ;SI;NO; ; ;SI; ; ; ;22,28;LITRO;VERDE;22,26;KILOGRAMO;VERDE;9,01;LITRO;VERDE; ; ;OTRAS FLORES TRANSITORIAS; ; ; ;288523;TOTAL NACIONAL;0
17016301149330001;PICHINCHA;01;14933;0001;11;OTRAS FLORES TRANSITORIAS;5;CAMPO ABIERTO;5;25;7;,77;,77;303709;303709;BOUQUET;288523;1; ;100;1;1;1;1;SI;,77; ; ; ;100; ; ;SI;SI; ; ;1689,58;KILOGRAMO; ; ;SI;6014,75;KILOGRAMO; ; ; ; ; ; ;SI;NO; ; ;SI; ; ; ;22,28;LITRO;VERDE;22,26;KILOGRAMO;VERDE;9,01;LITRO;VERDE; ; ;OTRAS FLORES TRANSITORIAS; ; ; ;288523;TOTAL NACIONAL;0
17016301149330001;PICHINCHA;01;14933;0001;12;OTRAS FLORES TRANSITORIAS;5;CAMPO ABIERTO;9;25;11;,77;,77;303709;303709;BOUQUET;288523;1; ;100;1;1;1;1;SI;,77; ; ; ;100; ; ;SI;SI; ; ;1689,58;KILOGRAMO; ; ;SI;6014,75;KILOGRAMO; ; ; ; ; ; ;SI;NO; ; ;SI; ; ; ;22,28;LITRO;VERDE;22,26;KILOGRAMO;VERDE;9,01;LITRO;VERDE; ; ;OTRAS FLORES TRANSITORIAS; ; ; ;288523;TOTAL NACIONAL;0
17017901176020001;PICHINCHA;01;17602;0001;1;HIDRRANGIA HORTENCIA;1;BAJO INVERNADERO;1;25;12;1,8;1,8;30275;78000;BOUQUET;6500;12; ;100;1;1;2;2;SI;1,8; ; ; ;100; ; ;SI;SI;2863;KILOGRAMO; ; ; ; ;SI;2880;KILOGRAMO; ; ; ; ; ; ;SI;SI;504;LITRO;SI;14,4;LITRO;VERDE;86,1;LITRO;VERDE;108;LITRO;NO SABE;36;LITRO;VERDE; ; ;OTRAS FLORES TRANSITORIAS; ; ; ;6500;TOTAL NACIONAL;11,2290739245644
17018501182540009;PICHINCHA;01;18254;0009;1;GIRASOLES;1;CAMPO ABIERTO;10;25;0;,2; ;20000; ; ; ; ; ; ;1;2;2;2;SI;,2; ;100; ; ; ; ;SI;NO; ; ; ; ; ; ;SI;90;KILOGRAMO; ; ; ; ; ; ;SI;NO; ; ;SI; ; ; ;8;LIBRA;AMARILLO; ; ; ; ; ; ; ; ;GIRASOL; ; ; ; ;TOTAL NACIONAL;24,2157420286259
17018501182540012;PICHINCHA;01;18254;0012;1;GIRASOLES;1;CAMPO ABIERTO;9;25;12;,13;,13;15000;13500;BONCHE;2565;5;100; ;1;1;2;2;SI;,13; ;100; ; ; ; ;SI;SI;25;QUINTAL; ; ; ; ;SI;90;KILOGRAMO;90;KILOGRAMO; ; ; ; ;SI;NO; ; ;SI; ; ; ;4;LITRO;AZUL;4;LITRO;NO SABE; ; ; ; ;3;GIRASOL; ; ;2565; ;TOTAL NACIONAL;62,4421635849803
17018501182540012;PICHINCHA;01;18254;0012;2;GIRASOLES;1;CAMPO ABIERTO;2;25;5;,13;,13;15000;14000;BONCHE;2660;5;100; ;1;1;2;2;SI;,13; ;100; ; ; ; ;SI;SI;25;QUINTAL; ; ; ; ;SI;135;KILOGRAMO;90;KILOGRAMO; ; ; ; ;SI;NO; ; ;SI; ; ; ;4;LITRO;AZUL;4;LITRO;NO SABE; ; ; ; ;3;GIRASOL; ; ;2660; ;TOTAL NACIONAL;62,4421635849803
17045263000993506;PICHINCHA;63;00099;3506;1;ASTER;1;CAMPO ABIERTO;12;24;12;,06;,06;6500;1091000;BONCHE;43640;25; ;100;1;2;1;2;SI;,06; ; ; ;100; ; ;SI;SI; ; ;2,8;TONELADA; ; ;NO; ; ; ; ; ; ; ; ;NO;NO; ; ; ; ; ; ; ; ; ; ; ; ; ; ; ; ; ;ASTER; ; ;43640; ;TOTAL NACIONAL;1
17045263000993506;PICHINCHA;63;00099;3506;2;CRASPEDIAS;2;CAMPO ABIERTO;12;24;12;4,67;4,67;358000;9500000;BONCHE;380000;25; ;100;1;2;1;2;SI;4,67; ; ; ;100; ; ;SI;SI; ; ;215,8;TONELADA; ; ;NO; ; ; ; ; ; ; ; ;NO;NO; ; ; ; ; ; ; ; ; ; ; ; ; ; ; ; ; ;OTRAS FLORES TRANSITORIAS; ; ;380000; ;TOTAL NACIONAL;1
17045263000993506;PICHINCHA;63;00099;3506;3;DELPHINIUM  (LACKPUR);3;CAMPO ABIERTO;12;24;12;4,31;4,31;68000;2879000;BONCHE;115160;25; ;100;1;2;1;2;SI;4,31; ; ; ;100; ; ;SI;SI; ; ;199,1;TONELADA; ; ;NO; ; ; ; ; ; ; ; ;NO;NO; ; ; ; ; ; ; ; ; ; ; ; ; ; ; ; ; ;DELPHINIUM  (LACKPUR); ; ;115160; ;TOTAL NACIONAL;1
17045263000993506;PICHINCHA;63;00099;3506;4;RANUNCULOS;6;BAJO INVERNADERO;9;25;11;4,09;4,09;425000;2663000;BONCHE;106520;25; ;100;1;2;1;2;SI;4,09; ; ; ;100; ; ;SI;SI; ; ;189;TONELADA; ; ;NO; ; ; ; ; ; ; ; ;NO;NO; ; ; ; ; ; ; ; ; ; ; ; ; ; ; ; ; ;OTRAS FLORES TRANSITORIAS; ; ;106520; ;TOTAL NACIONAL;1
17045263000993506;PICHINCHA;63;00099;3506;5;SCABIOSAS;7;CAMPO ABIERTO;8;25;12;1,03;1,03;110000;315000;BOUQUET;31500;10; ;100;1;2;1;2;SI;1,03; ; ; ;100; ; ;SI;SI; ; ;47,6;TONELADA; ; ;NO; ; ; ; ; ; ; ; ;NO;NO; ; ; ; ; ; ; ; ; ; ; ; ; ; ; ; ; ;SCABIOSA; ; ; ;31500;TOTAL NACIONAL;1
17045263000993506;PICHINCHA;63;00099;3506;6;SOLIDAGO;8;CAMPO ABIERTO;5;25;10;5,32;5,32;595000;7589000;BONCHE;303560;25; ;100;1;2;1;2;SI;5,32; ; ; ;100; ; ;SI;SI; ; ;245,8;TONELADA; ; ;NO; ; ; ; ; ; ; ; ;NO;NO; ; ; ; ; ; ; ; ; ; ; ; ; ; ; ; ; ;OTRAS FLORES TRANSITORIAS; ; ;303560; ;TOTAL NACIONAL;1
17045263000993506;PICHINCHA;63;00099;3506;7;ERYNGIUM;11;CAMPO ABIERTO;12;24;12;3,27;3,27;154000;4271000;BONCHE;170840;25; ;100;1;2;1;2;SI;3,27; ; ; ;100; ; ;SI;SI; ; ;151,1;TONELADA; ; ;NO; ; ; ; ; ; ; ; ;NO;NO; ; ; ; ; ; ; ; ; ; ; ; ; ; ; ; ; ;ERYNGIUM; ; ;170840; ;TOTAL NACIONAL;1
17045263000993506;PICHINCHA;63;00099;3506;8;IRIS - LIRIOS;12;CAMPO ABIERTO;8;24;4;3,65;3,65;1077000;1886000;BONCHE;75440;25; ;100;1;2;1;2;SI;3,65; ; ; ;100; ; ;SI;SI; ; ;168,6;TONELADA; ; ;NO; ; ; ; ; ; ; ; ;NO;NO; ; ; ; ; ; ; ; ; ; ; ; ; ; ; ; ; ;OTRAS FLORES TRANSITORIAS; ; ;75440; ;TOTAL NACIONAL;1
17016363000993541;PICHINCHA;63;00099;3541;1;DELPHINIUM  (LACKPUR);2;CAMPO ABIERTO;1;25;12;1;1;18000;90000;BONCHE;9000;10; ;100;1;1;1;1;SI;1; ; ; ;100; ; ;SI;SI; ; ;3600;KILOGRAMO;12;LITRO;SI;144;KILOGRAMO;120;KILOGRAMO;24;KILOGRAMO;60;KILOGRAMO;SI;SI;12;LITRO;SI;4;LITRO;AMARILLO;12;LITRO;AMARILLO;24;LITRO;NO SABE; ; ; ; ; ;DELPHINIUM  (LACKPUR); ; ;9000; ;TOTAL NACIONAL;1
17016363000993541;PICHINCHA;63;00099;3541;2;VERONICA;3;CAMPO ABIERTO;1;25;12;,6;,6;35000;360000;BONCHE;36000;10; ;100;1;1;1;1;SI;,6; ; ; ;100; ; ;SI;SI; ; ; ; ;45;LITRO;SI;124;KILOGRAMO;240;KILOGRAMO;240;KILOGRAMO;60;KILOGRAMO;SI;SI;6;LITRO;SI;6;LITRO;AMARILLO;6;LITRO;AMARILLO;12;LITRO;NO SABE; ; ; ;0;0;OTRAS FLORES TRANSITORIAS; ; ;36000; ;TOTAL NACIONAL;1
17016363000993541;PICHINCHA;63;00099;3541;3;ASTER;4;CAMPO ABIERTO;1;25;12;1,4;1,4;67000;522000;BONCHE;52200;10; ;100;1;1;1;1;SI;,6; ; ; ;100; ; ;SI;SI;6000;KILOGRAMO; ; ;24;LITRO;SI;60;KILOGRAMO;300;KILOGRAMO;240;KILOGRAMO;24;KILOGRAMO;SI;SI;12;LITRO;SI;12;LITRO;AMARILLO;12;LITRO;AMARILLO;24;LITRO;NO SABE; ; ; ; ; ;ASTER; ; ;52200; ;TOTAL NACIONAL;1
17025163000993575;PICHINCHA;63;00099;3575;1;GIRASOLES;1;CAMPO ABIERTO;1;25;3;7,74;7,74;600000;4336000;TABACO;35410;120;2;98;1;2;1;2;SI;7,74; ; ; ;100; ; ;SI;SI;1300;KILOGRAMO; ; ; ; ;SI;6;TONELADA;4;TONELADA;3;TONELADA;2,4;TONELADA;SI;NO; ; ;SI;20;LITRO;AZUL;10;LITRO;AZUL;180;KILOGRAMO;AMARILLO;30;KILOGRAMO;AMARILLO; ; ;GIRASOL; ;35410; ; ;TOTAL NACIONAL;1
17025163000993575;PICHINCHA;63;00099;3575;2;GIRASOLES;1;CAMPO ABIERTO;3;25;5;7,74;7,74;600000;4336000;TABACO;35410;120;2;98;1;2;1;2;SI;7,74; ; ; ;100; ; ;SI;SI;1300;KILOGRAMO; ; ; ; ;SI;6;TONELADA;4;TONELADA;3;TONELADA;2,4;TONELADA;SI;NO; ; ;SI;20;LITRO;AZUL;10;LITRO;AZUL;180;KILOGRAMO;AMARILLO;30;KILOGRAMO;AMARILLO; ; ;GIRASOL; ;35410; ; ;TOTAL NACIONAL;1
17025163000993575;PICHINCHA;63;00099;3575;3;GIRASOLES;1;CAMPO ABIERTO;5;25;7;7,74;7,74;600000;4336000;TABACO;35410;120;2;98;1;2;1;2;SI;7,74; ; ; ;100; ; ;SI;SI;1300;KILOGRAMO; ; ; ; ;SI;6;TONELADA;4;TONELADA;3;TONELADA;2,4;TONELADA;SI;NO; ; ;SI;20;LITRO;AZUL;10;LITRO;AZUL;180;KILOGRAMO;AMARILLO;30;KILOGRAMO;AMARILLO; ; ;GIRASOL; ;35410; ; ;TOTAL NACIONAL;1
17025163000993575;PICHINCHA;63;00099;3575;4;GIRASOLES;1;CAMPO ABIERTO;7;25;9;7,74;7,74;600000;4336000;TABACO;35410;120;2;98;1;2;1;2;SI;7,74; ; ; ;100; ; ;SI;SI;1300;KILOGRAMO; ; ; ; ;SI;6;TONELADA;4;TONELADA;3;TONELADA;2,4;TONELADA;SI;NO; ; ;SI;20;LITRO;AZUL;10;LITRO;AZUL;180;KILOGRAMO;AMARILLO;30;KILOGRAMO;AMARILLO; ; ;GIRASOL; ;35410; ; ;TOTAL NACIONAL;1
17025163000993575;PICHINCHA;63;00099;3575;5;GIRASOLES;1;CAMPO ABIERTO;9;25;11;7,74;7,74;600000;4336000;TABACO;35410;120;2;98;1;2;1;2;SI;7,74; ; ; ;100; ; ;SI;SI;1300;KILOGRAMO; ; ; ; ;SI;6;TONELADA;4;TONELADA;3;TONELADA;2,4;TONELADA;SI;NO; ; ;SI;20;LITRO;AZUL;10;LITRO;AZUL;180;KILOGRAMO;AMARILLO;30;KILOGRAMO;AMARILLO; ; ;GIRASOL; ;35410; ; ;TOTAL NACIONAL;1
17025163000993575;PICHINCHA;63;00099;3575;6;GIRASOLES;1;CAMPO ABIERTO;11;25;12;7,74;7,74;600000;2168000;TABACO;17700;120;2;98;1;2;1;2;SI;7,74; ; ; ;100; ; ;SI;SI;1300;KILOGRAMO; ; ; ; ;SI;6;TONELADA;4;TONELADA;3;TONELADA;2,4;TONELADA;SI;NO; ; ;SI;20;LITRO;AZUL;10;LITRO;AZUL;180;KILOGRAMO;AMARILLO;30;KILOGRAMO;AMARILLO; ; ;GIRASOL; ;17700; ; ;TOTAL NACIONAL;1
17016363000993587;PICHINCHA;63;00099;3587;1;ASTER;1;CAMPO ABIERTO;1;25;4;7,75;7,75;2431705;2431705;BOUQUET;770039;3; ;100;1;1;1;1;SI;7,75; ; ; ;100; ; ;SI;SI; ; ;17005,52;KILOGRAMO; ; ;SI;60538,08;KILOGRAMO; ; ; ; ; ; ;SI;NO; ; ;SI; ; ; ;224,32;LITRO;VERDE;224,11;KILOGRAMO;VERDE;90,68;LITRO;VERDE; ; ;ASTER; ; ; ;770039;TOTAL NACIONAL;1
17016363000993587;PICHINCHA;63;00099;3587;2;ASTER;1;CAMPO ABIERTO;5;25;8;7,75;7,75;2431705;2431705;BOUQUET;770039;3; ;100;1;1;1;1;SI;7,75; ; ; ;100; ; ;SI;SI; ; ;17005,52;KILOGRAMO; ; ;SI;60538,08;KILOGRAMO; ; ; ; ; ; ;SI;NO; ; ;SI; ; ; ;224,32;LITRO;VERDE;224,11;KILOGRAMO;VERDE;90,68;LITRO;VERDE; ; ;ASTER; ; ; ;770039;TOTAL NACIONAL;1
17016363000993587;PICHINCHA;63;00099;3587;3;ASTER;1;CAMPO ABIERTO;9;25;12;7,75;7,75;2431705;2431705;BOUQUET;770039;3; ;100;1;1;1;1;SI;7,75; ; ; ;100; ; ;SI;SI; ; ;17005,52;KILOGRAMO; ; ;SI;60538,08;KILOGRAMO; ; ; ; ; ; ;SI;NO; ; ;SI; ; ; ;224,32;LITRO;VERDE;224,11;KILOGRAMO;VERDE;90,68;LITRO;VERDE; ; ;ASTER; ; ; ;770039;TOTAL NACIONAL;1
17016363000993587;PICHINCHA;63;00099;3587;4;ASTER;2;CAMPO ABIERTO;1;25;4;,23;,23;72166;72166;BOUQUET;22852;3; ;100;1;1;1;1;SI;,23; ; ; ;100; ; ;SI;SI; ; ;504,68;KILOGRAMO; ; ;SI;1796,61;KILOGRAMO; ; ; ; ; ; ;SI;NO; ; ;SI; ; ; ;6,65;LITRO;VERDE;6,65;KILOGRAMO;VERDE;2,69;LITRO;VERDE; ; ;ASTER; ; ; ;22852;TOTAL NACIONAL;1
17016363000993587;PICHINCHA;63;00099;3587;5;ASTER;2;CAMPO ABIERTO;5;25;8;,23;,23;72166;72166;BOUQUET;22858;3; ;100;1;1;1;1;SI;,23; ; ; ;100; ; ;SI;SI; ; ;504,68;KILOGRAMO; ; ;SI;1796,61;KILOGRAMO; ; ; ; ; ; ;SI;NO; ; ;SI; ; ; ;6,65;LITRO;VERDE;6,65;KILOGRAMO;VERDE;2,69;LITRO;VERDE; ; ;ASTER; ; ; ;22858;TOTAL NACIONAL;1
17016363000993587;PICHINCHA;63;00099;3587;6;ASTER;2;CAMPO ABIERTO;9;25;12;,23;,23;72166;72166;BOUQUET;22852;3; ;100;1;1;1;1;SI;,23; ; ; ;100; ; ;SI;SI; ; ;504,68;KILOGRAMO; ; ;SI;1796,61;KILOGRAMO; ; ; ; ; ; ;SI;NO; ; ;SI; ; ; ;6,65;LITRO;VERDE;6,65;KILOGRAMO;VERDE;2,69;LITRO;VERDE; ; ;ASTER; ; ; ;22852;TOTAL NACIONAL;1
17016363000993587;PICHINCHA;63;00099;3587;7;ASTER;3;CAMPO ABIERTO;1;25;4;7,75;7,75;2431705;2431705;BOUQUET;770039;3; ;100;1;1;1;1;SI;7,75; ; ; ;100; ; ;SI;SI; ; ;17005,52;KILOGRAMO; ; ;SI;60538,08;KILOGRAMO; ; ; ; ; ; ;SI;NO; ; ;SI; ; ; ;224,32;LITRO;VERDE;224,11;KILOGRAMO;VERDE;90,68;LITRO;VERDE; ; ;ASTER; ; ; ;770039;TOTAL NACIONAL;1
17016363000993587;PICHINCHA;63;00099;3587;8;ASTER;3;CAMPO ABIERTO;5;25;8;7,75;7,75;2431705;2431705;BOUQUET;770039;3; ;100;1;1;1;1;SI;7,75; ; ; ;100; ; ;SI;SI; ; ;17005,52;KILOGRAMO; ; ;SI;60538,08;KILOGRAMO; ; ; ; ; ; ;SI;NO; ; ;SI; ; ; ;224,32;LITRO;VERDE;224,11;KILOGRAMO;VERDE;90,68;LITRO;VERDE; ; ;ASTER; ; ; ;770039;TOTAL NACIONAL;1
17016363000993587;PICHINCHA;63;00099;3587;9;ASTER;3;CAMPO ABIERTO;9;25;12;7,75;7,75;2431705;2431705;BOUQUET;770039;3; ;100;1;1;1;1;SI;7,75; ; ; ;100; ; ;SI;SI; ; ;17005,52;KILOGRAMO; ; ;SI;60538,08;KILOGRAMO; ; ; ; ; ; ;SI;NO; ; ;SI; ; ; ;224,32;LITRO;VERDE;224,11;KILOGRAMO;VERDE;90,68;LITRO;VERDE; ; ;ASTER; ; ; ;770039;TOTAL NACIONAL;1
17016363000993587;PICHINCHA;63;00099;3587;10;OTRAS FLORES TRANSITORIAS;5;CAMPO ABIERTO;1;25;3;,77;,77;303709;303709;BOUQUET;288523;1; ;100;1;1;1;1;SI;,77; ; ; ;100; ; ;SI;SI; ; ;1689,58;KILOGRAMO; ; ;SI;6014,75;KILOGRAMO; ; ; ; ; ; ;SI;NO; ; ;SI; ; ; ;22,28;LITRO;VERDE;22,26;KILOGRAMO;VERDE;9,01;LITRO;VERDE; ; ;OTRAS FLORES TRANSITORIAS; ; ; ;288523;TOTAL NACIONAL;1
17016363000993587;PICHINCHA;63;00099;3587;11;OTRAS FLORES TRANSITORIAS;5;CAMPO ABIERTO;5;25;7;,77;,77;303709;303709;BOUQUET;288523;1; ;100;1;1;1;1;SI;,77; ; ; ;100; ; ;SI;SI; ; ;1689,58;KILOGRAMO; ; ;SI;6014,75;KILOGRAMO; ; ; ; ; ; ;SI;NO; ; ;SI; ; ; ;22,28;LITRO;VERDE;22,26;KILOGRAMO;VERDE;9,01;LITRO;VERDE; ; ;OTRAS FLORES TRANSITORIAS; ; ; ;288523;TOTAL NACIONAL;1
17016363000993587;PICHINCHA;63;00099;3587;12;OTRAS FLORES TRANSITORIAS;5;CAMPO ABIERTO;9;25;11;,77;,77;303709;303709;BOUQUET;288523;1; ;100;1;1;1;1;SI;,77; ; ; ;100; ; ;SI;SI; ; ;1689,58;KILOGRAMO; ; ;SI;6014,75;KILOGRAMO; ; ; ; ; ; ;SI;NO; ; ;SI; ; ; ;22,28;LITRO;VERDE;22,26;KILOGRAMO;VERDE;9,01;LITRO;VERDE; ; ;OTRAS FLORES TRANSITORIAS; ; ; ;288523;TOTAL NACIONAL;1
17016363000993587;PICHINCHA;63;00099;3587;13;ACHILLEA;11;CAMPO ABIERTO;1;25;3;,55;,55;278992;278992;BOUQUET;265042;1; ;100;1;1;1;1;SI;,55; ; ; ;100; ; ;SI;SI; ; ;1206,84;KILOGRAMO; ; ;SI;4296,25;KILOGRAMO; ; ; ; ; ; ;SI;NO; ; ;SI; ; ; ;15,91;LITRO;VERDE;15,9;KILOGRAMO;VERDE;6,43;LITRO;VERDE; ; ;OTRAS FLORES TRANSITORIAS; ; ; ;265042;TOTAL NACIONAL;1
17016363000993587;PICHINCHA;63;00099;3587;14;ACHILLEA;11;CAMPO ABIERTO;5;25;7;,55;,55;278992;278992;BOUQUET;265042;1; ;100;1;1;1;1;SI;,55; ; ; ;100; ; ;SI;SI; ; ;1206,84;KILOGRAMO; ; ;SI;4296,25;KILOGRAMO; ; ; ; ; ; ;SI;NO; ; ;SI; ; ; ;15,91;LITRO;VERDE;15,9;KILOGRAMO;VERDE;6,43;LITRO;VERDE; ; ;OTRAS FLORES TRANSITORIAS; ; ; ;265042;TOTAL NACIONAL;1
17016363000993587;PICHINCHA;63;00099;3587;15;ACHILLEA;11;CAMPO ABIERTO;9;25;11;,55;,55;278992;278992;BOUQUET;265042;1; ;100;1;1;1;1;SI;,55; ; ; ;100; ; ;SI;SI; ; ;1206,84;KILOGRAMO; ; ;SI;4296,25;KILOGRAMO; ; ; ; ; ; ;SI;NO; ; ;SI; ; ; ;15,91;LITRO;VERDE;15,9;KILOGRAMO;VERDE;6,43;LITRO;VERDE; ; ;OTRAS FLORES TRANSITORIAS; ; ; ;265042;TOTAL NACIONAL;1
17016363000993587;PICHINCHA;63;00099;3587;16;OTRAS FLORES TRANSITORIAS;14;CAMPO ABIERTO;1;25;3;,97;,97;399170;3193360;BOUQUET;1011230;3; ;100;1;1;1;1;SI;,97; ; ; ;100; ; ;SI;SI; ; ;2128,43;KILOGRAMO; ; ;SI;7577,02;KILOGRAMO; ; ; ; ; ; ;SI;NO; ; ;SI; ; ; ;28,07;LITRO;VERDE;28,05;KILOGRAMO;VERDE;11,35;LITRO;VERDE; ; ;OTRAS FLORES TRANSITORIAS; ; ; ;1011230;TOTAL NACIONAL;1
17016363000993587;PICHINCHA;63;00099;3587;17;OTRAS FLORES TRANSITORIAS;14;CAMPO ABIERTO;4;25;6;,97;,97;399170;3193360;BOUQUET;1011230;3; ;100;1;1;1;1;SI;,97; ; ; ;100; ; ;SI;SI; ; ;2128,43;KILOGRAMO; ; ;SI;7577,02;KILOGRAMO; ; ; ; ; ; ;SI;NO; ; ;SI; ; ; ;28,07;LITRO;VERDE;28,05;KILOGRAMO;VERDE;11,35;LITRO;VERDE; ; ;OTRAS FLORES TRANSITORIAS; ; ; ;1011230;TOTAL NACIONAL;1
17016363000993587;PICHINCHA;63;00099;3587;18;OTRAS FLORES TRANSITORIAS;14;CAMPO ABIERTO;7;25;9;,97;,97;399170;3193360;BOUQUET;1011230;3; ;100;1;1;1;1;SI;,97; ; ; ;100; ; ;SI;SI; ; ;2128,43;KILOGRAMO; ; ;SI;7577,02;KILOGRAMO; ; ; ; ; ; ;SI;NO; ; ;SI; ; ; ;28,07;LITRO;VERDE;28,05;KILOGRAMO;VERDE;11,35;LITRO;VERDE; ; ;OTRAS FLORES TRANSITORIAS; ; ; ;1011230;TOTAL NACIONAL;1
17016363000993587;PICHINCHA;63;00099;3587;19;OTRAS FLORES TRANSITORIAS;14;CAMPO ABIERTO;10;25;12;,97;,97;399170;3193360;BOUQUET;1011230;3; ;100;1;1;1;1;SI;,97; ; ; ;100; ; ;SI;SI; ; ;2128,43;KILOGRAMO; ; ;SI;7577,02;KILOGRAMO; ; ; ; ; ; ;SI;NO; ; ;SI; ; ; ;28,07;LITRO;VERDE;28,05;KILOGRAMO;VERDE;11,35;LITRO;VERDE; ; ;OTRAS FLORES TRANSITORIAS; ; ; ;1011230;TOTAL NACIONAL;1
17016363000993587;PICHINCHA;63;00099;3587;20;OTRAS FLORES TRANSITORIAS;15;CAMPO ABIERTO;1;25;4;,03;,03;3904;39040;BOUQUET;37088;1; ;100;1;1;1;1;SI;,03; ; ; ;100; ; ;SI;SI; ; ;65,83;KILOGRAMO; ; ;SI;234,34;KILOGRAMO; ; ; ; ; ; ;SI;NO; ; ;SI; ; ; ;,86;LITRO;VERDE;,86;KILOGRAMO;VERDE;,35;LITRO;VERDE; ; ;OTRAS FLORES TRANSITORIAS; ; ; ;37088;TOTAL NACIONAL;1
17016363000993587;PICHINCHA;63;00099;3587;21;OTRAS FLORES TRANSITORIAS;15;CAMPO ABIERTO;5;25;8;,03;,03;3904;39040;BOUQUET;37088;1; ;100;1;1;1;1;SI;,03; ; ; ;100; ; ;SI;SI; ; ;65,83;KILOGRAMO; ; ;SI;234,34;KILOGRAMO; ; ; ; ; ; ;SI;NO; ; ;SI; ; ; ;,86;LITRO;VERDE;,86;KILOGRAMO;VERDE;,35;LITRO;VERDE; ; ;OTRAS FLORES TRANSITORIAS; ; ; ;37088;TOTAL NACIONAL;1
17016363000993587;PICHINCHA;63;00099;3587;22;OTRAS FLORES TRANSITORIAS;15;CAMPO ABIERTO;9;25;12;,03;,03;3904;39040;BOUQUET;37088;1; ;100;1;1;1;1;SI;,03; ; ; ;100; ; ;SI;SI; ; ;65,83;KILOGRAMO; ; ;SI;234,34;KILOGRAMO; ; ; ; ; ; ;SI;NO; ; ;SI; ; ; ;,86;LITRO;VERDE;,86;KILOGRAMO;VERDE;,35;LITRO;VERDE; ; ;OTRAS FLORES TRANSITORIAS; ; ; ;37088;TOTAL NACIONAL;1
17025463000993744;PICHINCHA;63;00099;3744;1;CRASPEDIAS;1;BAJO INVERNADERO;1;25;3;1,5;1,5;2000000;1500000;BONCHE;147000;10; ;100;1;1;1;1;SI;1,5; ; ; ;100; ; ;SI;SI; ; ;50;KILOGRAMO;41,67;LITRO;SI; ; ;8121,67;KILOGRAMO;654,67;KILOGRAMO;8266,67;KILOGRAMO;SI;NO; ; ;SI;5;LITRO;AMARILLO;213333,33;LITRO;AMARILLO;213333,33;LITRO;AMARILLO; ; ; ; ; ;OTRAS FLORES TRANSITORIAS; ; ;147000; ;TOTAL NACIONAL;1
17025463000993744;PICHINCHA;63;00099;3744;7;CRASPEDIAS;1;BAJO INVERNADERO;4;25;7;1,5;1,5;2000000;1500000;BONCHE;147000;10; ;100;1;1;1;1;SI;1,5; ; ; ;100; ; ;SI;SI; ; ;50;KILOGRAMO;41,67;LITRO;SI; ; ;8121,67;KILOGRAMO;654,67;KILOGRAMO;8266,67;KILOGRAMO;SI;NO; ; ;SI;5;LITRO;AMARILLO;213333,33;LITRO;AMARILLO;213333,33;LITRO;AMARILLO; ; ; ; ; ;OTRAS FLORES TRANSITORIAS; ; ;147000; ;TOTAL NACIONAL;1
17025463000993744;PICHINCHA;63;00099;3744;13;CRASPEDIAS;1;BAJO INVERNADERO;7;25;10;1,5;1,5;2000000;1500000;BONCHE;147000;10; ;100;1;1;1;1;SI;1,5; ; ; ;100; ; ;SI;SI; ; ;50;KILOGRAMO;41,67;LITRO;SI; ; ;8121,67;KILOGRAMO;1964;KILOGRAMO;8266,67;KILOGRAMO;SI;NO; ; ;SI;5;LITRO;AMARILLO;43333,33;LITRO;AMARILLO;43333,33;LITRO;AMARILLO; ; ; ; ; ;OTRAS FLORES TRANSITORIAS; ; ;147000; ;TOTAL NACIONAL;1
17025463000993744;PICHINCHA;63;00099;3744;2;ASTER;2;BAJO INVERNADERO;1;25;3;1,5;1,5;2000000;1500000;BONCHE;147000;10; ;100;1;1;1;1;SI;1,5; ; ; ;100; ; ;SI;SI; ; ;50;KILOGRAMO;41,67;LITRO;SI; ; ;8121,67;KILOGRAMO;654,67;KILOGRAMO;8266,67;KILOGRAMO;SI;NO; ; ;SI;5;LITRO;AMARILLO;213333,33;LITRO;AMARILLO;213333,33;LITRO;AMARILLO; ; ; ; ; ;ASTER; ; ;147000; ;TOTAL NACIONAL;1
17025463000993744;PICHINCHA;63;00099;3744;8;ASTER;2;BAJO INVERNADERO;4;25;7;1,5;1,5;2000000;1500000;BONCHE;147000;10; ;100;1;1;1;1;SI;1,5; ; ; ;100; ; ;SI;SI; ; ;50;KILOGRAMO;41,67;LITRO;SI; ; ;8121,67;KILOGRAMO;654,67;KILOGRAMO;8266,67;KILOGRAMO;SI;NO; ; ;SI;5;LITRO;AMARILLO;213333,33;LITRO;AMARILLO;213333,33;LITRO;AMARILLO; ; ; ; ; ;ASTER; ; ;147000; ;TOTAL NACIONAL;1
17025463000993744;PICHINCHA;63;00099;3744;14;ASTER;2;BAJO INVERNADERO;7;25;10;1,5;1,5;2000000;1500000;BONCHE;147000;10; ;100;1;1;1;1;SI;1,5; ; ; ;100; ; ;SI;SI; ; ;50;KILOGRAMO;41,67;LITRO;SI; ; ;8121,67;KILOGRAMO;1964;KILOGRAMO;8266,67;KILOGRAMO;SI;NO; ; ;SI;5;LITRO;AMARILLO;43333,33;LITRO;AMARILLO;43333,33;LITRO;AMARILLO; ; ; ; ; ;ASTER; ; ;147000; ;TOTAL NACIONAL;1
17025463000993744;PICHINCHA;63;00099;3744;3;OTRAS FLORES TRANSITORIAS;3;BAJO INVERNADERO;1;25;3;1;1;2000000;1500000;BONCHE;147000;10; ;100;1;1;1;1;SI;1; ; ; ;100; ; ;SI;SI; ; ;50;KILOGRAMO;41,67;LITRO;SI; ; ;8121,67;KILOGRAMO;654,67;KILOGRAMO;8266,67;KILOGRAMO;SI;NO; ; ;SI;5;LITRO;AMARILLO;213333,33;LITRO;AMARILLO;213333,33;LITRO;AMARILLO; ; ; ; ; ;OTRAS FLORES TRANSITORIAS; ; ;147000; ;TOTAL NACIONAL;1
17025463000993744;PICHINCHA;63;00099;3744;9;OTRAS FLORES TRANSITORIAS;3;BAJO INVERNADERO;4;25;7;1;1;2000000;1500000;BONCHE;147000;10; ;100;1;1;1;1;SI;1; ; ; ;100; ; ;SI;SI; ; ;50;KILOGRAMO;41,67;LITRO;SI; ; ;8121,67;KILOGRAMO;654,67;KILOGRAMO;8266,67;KILOGRAMO;SI;NO; ; ;SI;5;LITRO;AMARILLO;213333,33;LITRO;AMARILLO;213333,33;LITRO;AMARILLO; ; ; ; ; ;OTRAS FLORES TRANSITORIAS; ; ;147000; ;TOTAL NACIONAL;1
17025463000993744;PICHINCHA;63;00099;3744;15;OTRAS FLORES TRANSITORIAS;3;BAJO INVERNADERO;7;25;10;1;1;2000000;1500000;BONCHE;147000;10; ;100;1;1;1;1;SI;1; ; ; ;100; ; ;SI;SI; ; ;50;KILOGRAMO;41,67;LITRO;SI; ; ;8121,67;KILOGRAMO;1964;KILOGRAMO;8266,67;KILOGRAMO;SI;NO; ; ;SI;5;LITRO;AMARILLO;43333,33;LITRO;AMARILLO;213333,33;LITRO;AMARILLO; ; ; ; ; ;OTRAS FLORES TRANSITORIAS; ; ;147000; ;TOTAL NACIONAL;1
17025463000993744;PICHINCHA;63;00099;3744;4;SCABIOSAS;4;BAJO INVERNADERO;1;25;3;8;8;7500000;6000000;BONCHE;588000;10; ;100;1;1;1;1;SI;8; ; ; ;100; ; ;SI;SI; ; ;183,33;KILOGRAMO;125;LITRO;SI; ; ;21365,67;KILOGRAMO;1964;KILOGRAMO;6200;KILOGRAMO;SI;NO; ; ;SI;15;LITRO;AMARILLO;266666,67;LITRO;AMARILLO;266666,67;LITRO;AMARILLO; ; ; ; ; ;SCABIOSA; ; ;588000; ;TOTAL NACIONAL;1
17025463000993744;PICHINCHA;63;00099;3744;10;SCABIOSAS;4;BAJO INVERNADERO;4;25;7;8;8;7500000;6000000;BONCHE;588000;10; ;100;1;1;1;1;SI;8; ; ; ;100; ; ;SI;SI; ; ;183,33;KILOGRAMO;125;LITRO;SI; ; ;24365,67;KILOGRAMO;654,67;KILOGRAMO;6200;KILOGRAMO;SI;NO; ; ;SI;15;LITRO;AMARILLO;266666,67;LITRO;AMARILLO;266666,67;LITRO;AMARILLO; ; ; ; ; ;SCABIOSA; ; ;588000; ;TOTAL NACIONAL;1
17025463000993744;PICHINCHA;63;00099;3744;16;SCABIOSAS;4;BAJO INVERNADERO;7;25;10;8;8;7500000;6000000;BONCHE;588000;10; ;100;1;1;1;1;SI;8; ; ; ;100; ; ;SI;SI; ; ;183;KILOGRAMO;125;LITRO;SI; ; ;24365,67;KILOGRAMO;654,67;KILOGRAMO;6200;KILOGRAMO;SI;NO; ; ;SI;15;LITRO;AMARILLO;266666,67;LITRO;AMARILLO;266666,67;LITRO;AMARILLO; ; ; ; ; ;SCABIOSA; ; ;588000; ;TOTAL NACIONAL;1
17025463000993744;PICHINCHA;63;00099;3744;5;ERYNGIUM;5;BAJO INVERNADERO;1;25;3;2,5;2,5;7500000;6000000;BONCHE;588000;10; ;100;1;1;1;1;SI;2,5; ; ; ;100; ; ;SI;SI; ; ;183;KILOGRAMO;125;LITRO;SI; ; ;24365,67;KILOGRAMO;1964;KILOGRAMO;6200;KILOGRAMO;SI;NO; ; ;SI;15;LITRO;AMARILLO;266666,67;LITRO;AMARILLO;266666,67;LITRO;AMARILLO; ; ; ; ; ;ERYNGIUM; ; ;588000; ;TOTAL NACIONAL;1
17025463000993744;PICHINCHA;63;00099;3744;11;ERYNGIUM;5;BAJO INVERNADERO;4;25;7;2,5;2,5;7500000;6000000;BONCHE;588000;10; ;100;1;1;1;1;SI;2,5; ; ; ;100; ; ;SI;SI; ; ;183,33;KILOGRAMO;125;LITRO;SI; ; ;24365,67;KILOGRAMO;654,67;KILOGRAMO;6200;KILOGRAMO;SI;NO; ; ;SI;15;LITRO;AMARILLO;266666,67;LITRO;AMARILLO;266666,67;LITRO;AMARILLO; ; ; ; ; ;ERYNGIUM; ; ;588000; ;TOTAL NACIONAL;1
17025463000993744;PICHINCHA;63;00099;3744;17;ERYNGIUM;5;BAJO INVERNADERO;7;25;10;2,5;2,5;7500000;6000000;BONCHE;588000;10; ;100;1;1;1;1;SI;2,5; ; ; ;100; ; ;SI;SI; ; ;183;KILOGRAMO;125;LITRO;SI; ; ;24365,67;KILOGRAMO;654,67;KILOGRAMO;6200;KILOGRAMO;SI;NO; ; ;SI;15;LITRO;AMARILLO;266666,67;LITRO;AMARILLO;266666,67;LITRO;AMARILLO; ; ; ; ; ;ERYNGIUM; ; ;588000; ;TOTAL NACIONAL;1
17025463000993744;PICHINCHA;63;00099;3744;6;CRISANTEMOS – POMPONES;6;BAJO INVERNADERO;1;25;3;9;9;7500000;6000000;BONCHE;588000;10; ;100;1;1;1;1;SI;9; ; ; ;100; ; ;SI;SI; ; ;183;KILOGRAMO;125;LITRO;SI; ; ;24365,67;KILOGRAMO;1964;KILOGRAMO;6200;KILOGRAMO;SI;NO; ; ;SI;15;LITRO;AMARILLO;266666,67;LITRO;AMARILLO;266666,67;LITRO;AMARILLO; ; ; ; ; ;CRISANTEMOS – POMPONES; ; ;588000; ;TOTAL NACIONAL;1
17025463000993744;PICHINCHA;63;00099;3744;12;CRISANTEMOS – POMPONES;6;BAJO INVERNADERO;4;25;7;9;9;7500000;6000000;BONCHE;588000;10; ;100;1;1;1;1;SI;9; ; ; ;100; ; ;SI;SI; ; ;183,33;KILOGRAMO;125;LITRO;SI; ; ;24365,67;KILOGRAMO;654,67;KILOGRAMO;6200;KILOGRAMO;SI;NO; ; ;SI;15;LITRO;AMARILLO;266666,67;LITRO;AMARILLO;266666,67;LITRO;AMARILLO; ; ; ; ; ;CRISANTEMOS – POMPONES; ; ;588000; ;TOTAL NACIONAL;1
17025463000993744;PICHINCHA;63;00099;3744;18;CRISANTEMOS – POMPONES;6;BAJO INVERNADERO;7;25;10;9;9;7500000;6000000;BONCHE;588000;10; ;100;1;1;1;1;SI;9; ; ; ;100; ; ;SI;SI; ; ;183;KILOGRAMO;125;LITRO;SI; ; ;24365,67;KILOGRAMO;654,67;KILOGRAMO;6200;KILOGRAMO;SI;NO; ; ;SI;15;LITRO;AMARILLO;266666,67;LITRO;AMARILLO;266666,67;LITRO;AMARILLO; ; ; ; ; ;CRISANTEMOS – POMPONES; ; ;588000; ;TOTAL NACIONAL;1
17045063000993750;PICHINCHA;63;00099;3750;1;ERYNGIUM;2;BAJO INVERNADERO;1;25;12;1,5;1,5;30000;1560000;TABACO;13000;120; ;100;1;1;1;1;SI;1,5;30; ; ;70; ; ;SI;SI; ; ;,48;LIBRA;2400;LITRO;SI; ; ;97313;KILOGRAMO;3200;KILOGRAMO;3500;KILOGRAMO;SI;NO; ; ;SI; ; ; ;1300;LITRO;VERDE;3150;LITRO;VERDE; ; ; ;1; ;ERYNGIUM; ;13000; ; ;TOTAL NACIONAL;1
17045063000993750;PICHINCHA;63;00099;3750;2;ASTER;3;BAJO INVERNADERO;1;25;12;1,5;1,5;10000;520000;TABACO;4333;120; ;100;1;1;1;1;SI;1,5;30; ; ;70; ; ;SI;SI; ; ;,48;LIBRA;2400;LITRO;SI; ; ;97313;KILOGRAMO;3200;KILOGRAMO;3500;KILOGRAMO;SI;NO; ; ;SI; ; ; ;1300;LITRO;VERDE;3150;LITRO;VERDE; ; ; ;1; ;ASTER; ;4333; ; ;TOTAL NACIONAL;1
17025463000993832;PICHINCHA;63;00099;3832;1;CRISANTEMOS – POMPONES;3;CAMPO ABIERTO;1;25;12;3,4;3,4;2531300;6700360;TABACO;26801;250; ;100;1;1;1;1;SI;3,4; ; ; ;100; ; ;SI;NO; ; ; ; ; ; ;SI; ; ;67912;KILOGRAMO; ; ;12064;KILOGRAMO;SI;SI;260;KILOGRAMO;SI;30;LITRO;AZUL;728;LITRO;AZUL;1560;LITRO;AZUL;520;LITRO;AZUL; ; ;CRISANTEMOS – POMPONES; ;26801; ; ;TOTAL NACIONAL;1
17017863000993841;PICHINCHA;63;00099;3841;1;ASTER;2;CAMPO ABIERTO;1;25;3;10;10;5000000;12000000;FULL TABACO;45600;250; ;100;1;1;1;1;SI;10; ;2; ;98; ; ;SI;SI; ; ;38460;KILOGRAMO; ; ;SI;10000;KILOGRAMO; ; ; ; ; ; ;SI;SI;240;LITRO;SI;192;LITRO;AMARILLO;225;LITRO;AZUL;1725;LITRO;AZUL; ; ; ; ; ;ASTER;45600; ; ; ;TOTAL NACIONAL;1
17017863000993841;PICHINCHA;63;00099;3841;2;ASTER;2;CAMPO ABIERTO;4;25;6;10;10;5000000;12000000;FULL TABACO;45600;250; ;100;1;1;1;1;SI;10; ;2; ;98; ; ;SI;SI; ; ;38460;KILOGRAMO; ; ;SI;10000;KILOGRAMO; ; ; ; ; ; ;SI;SI;240;LITRO;SI;192;LITRO;AMARILLO;225;LITRO;AZUL;1725;LITRO;AZUL; ; ; ; ; ;ASTER;45600; ; ; ;TOTAL NACIONAL;1
17017863000993841;PICHINCHA;63;00099;3841;3;ASTER;2;CAMPO ABIERTO;7;25;9;10;10;5000000;12000000;FULL TABACO;45600;250; ;100;1;1;1;1;SI;10; ;2; ;98; ; ;SI;SI; ; ;38460;KILOGRAMO; ; ;SI;10000;KILOGRAMO; ; ; ; ; ; ;SI;SI;240;LITRO;SI;192;LITRO;AMARILLO;225;LITRO;AZUL;1725;LITRO;AZUL; ; ; ; ; ;ASTER;45600; ; ; ;TOTAL NACIONAL;1
17017863000993841;PICHINCHA;63;00099;3841;4;ASTER;2;CAMPO ABIERTO;10;25;12;10;10;5000000;12000000;FULL TABACO;45600;250; ;100;1;1;1;1;SI;10; ;2; ;98; ; ;SI;SI; ; ;38460;KILOGRAMO; ; ;SI;10000;KILOGRAMO; ; ; ; ; ; ;SI;SI;240;LITRO;SI;192;LITRO;AMARILLO;225;LITRO;AZUL;1725;LITRO;AZUL; ; ; ; ; ;ASTER;45600; ; ; ;TOTAL NACIONAL;1
17015363000993842;PICHINCHA;63;00099;3842;1;GIRASOLES;6;CAMPO ABIERTO;1;25;4;3;3;1350000;1350000;TABACO;18000;60; ;100;1;2;1;2;SI;3; ; ; ;100; ; ;SI;NO; ; ; ; ; ; ;SI;225,75;KILOGRAMO;3496,25;KILOGRAMO;252,32;KILOGRAMO;3681,41;KILOGRAMO;SI;NO; ; ;SI; ; ; ;9,4;LITRO;AZUL;64;KILOGRAMO;AZUL;96;LITRO;AZUL; ; ;GIRASOL; ;18000; ; ;TOTAL NACIONAL;1
17015363000993842;PICHINCHA;63;00099;3842;2;GIRASOLES;6;CAMPO ABIERTO;5;25;8;3;3;1350000;1350000;TABACO;18000;60; ;100;1;2;1;2;SI;3; ; ; ;100; ; ;SI;NO; ; ; ; ; ; ;SI;225,75;KILOGRAMO;3496,25;KILOGRAMO;252,32;KILOGRAMO;3681,41;KILOGRAMO;SI;NO; ; ;SI; ; ; ;9,4;LITRO;AZUL;64;KILOGRAMO;AZUL;96;LITRO;AZUL; ; ;GIRASOL; ;18000; ; ;TOTAL NACIONAL;1
17015363000993842;PICHINCHA;63;00099;3842;3;GIRASOLES;6;CAMPO ABIERTO;9;25;12;3;3;1350000;1350000;TABACO;18000;60; ;100;1;2;1;2;SI;3; ; ; ;100; ; ;SI;NO; ; ; ; ; ; ;SI;225,75;KILOGRAMO;3496,25;KILOGRAMO;252,32;KILOGRAMO;3681,41;KILOGRAMO;SI;NO; ; ;SI; ; ; ;9,4;LITRO;AZUL;64;KILOGRAMO;AZUL;96;LITRO;AZUL; ; ;GIRASOL; ;18000; ; ;TOTAL NACIONAL;1
17015363000993842;PICHINCHA;63;00099;3842;4;GIRASOLES;7;CAMPO ABIERTO;1;25;4;3;3;1350000;1350000;TABACO;18000;60; ;100;1;2;1;2;SI;3; ; ; ;100; ; ;SI;NO; ; ; ; ; ; ;SI;225,75;KILOGRAMO;3496,25;KILOGRAMO;252,32;KILOGRAMO;3681,41;KILOGRAMO;SI;NO; ; ;SI; ; ; ;9,4;LITRO;AZUL;64;KILOGRAMO;AZUL;96;LITRO;AZUL; ; ;GIRASOL; ;18000; ; ;TOTAL NACIONAL;1
17015363000993842;PICHINCHA;63;00099;3842;5;GIRASOLES;7;CAMPO ABIERTO;5;25;8;3;3;1350000;1350000;TABACO;18000;60; ;100;1;2;1;2;SI;3; ; ; ;100; ; ;SI;NO; ; ; ; ; ; ;SI;225,75;KILOGRAMO;3496,25;KILOGRAMO;252,32;KILOGRAMO;3681,41;KILOGRAMO;SI;NO; ; ;SI; ; ; ;9,4;LITRO;AZUL;64;KILOGRAMO;AZUL;96;LITRO;AZUL; ; ;GIRASOL; ;18000; ; ;TOTAL NACIONAL;1
17015363000993842;PICHINCHA;63;00099;3842;6;GIRASOLES;7;CAMPO ABIERTO;9;25;12;3;3;1350000;1350000;TABACO;18000;60; ;100;1;2;1;2;SI;3; ; ; ;100; ; ;SI;NO; ; ; ; ; ; ;SI;225,75;KILOGRAMO;3496,25;KILOGRAMO;252,32;KILOGRAMO;3681,41;KILOGRAMO;SI;NO; ; ;SI; ; ; ;9,4;LITRO;AZUL;64;KILOGRAMO;AZUL;96;LITRO;AZUL; ; ;GIRASOL; ;18000; ; ;TOTAL NACIONAL;1
17015363000993842;PICHINCHA;63;00099;3842;7;VERONICA;8;CAMPO ABIERTO;1;25;4;3,6;3,6;720000;720000;TABACO;5880;120; ;100;1;2;1;2;SI;3,6; ; ; ;100; ; ;SI;NO; ; ; ; ; ; ;SI;270,9;KILOGRAMO;4199,5;KILOGRAMO;302,78;KILOGRAMO;4417,79;KILOGRAMO;SI;NO; ; ;SI; ; ; ;16;LITRO;AZUL;7,6;LITRO;AZUL; ; ; ; ; ;OTRAS FLORES TRANSITORIAS; ;5880; ; ;TOTAL NACIONAL;1
17015363000993842;PICHINCHA;63;00099;3842;8;VERONICA;8;CAMPO ABIERTO;5;25;8;3,6;3,6;720000;720000;TABACO;5880;120; ;100;1;2;1;2;SI;3,6; ; ; ;100; ; ;SI;NO; ; ; ; ; ; ;SI;270,9;KILOGRAMO;4199,5;KILOGRAMO;302,7;KILOGRAMO;4417,79;KILOGRAMO;SI;NO; ; ;SI; ; ; ;16;LITRO;AZUL;7,6;LITRO;AZUL; ; ; ; ; ;OTRAS FLORES TRANSITORIAS; ;5880; ; ;TOTAL NACIONAL;1
17015363000993842;PICHINCHA;63;00099;3842;9;VERONICA;8;CAMPO ABIERTO;9;25;12;3,6;3,6;720000;720000;TABACO;5880;120; ;100;1;2;1;2;SI;3,6; ; ; ;100; ; ;SI;NO; ; ; ; ; ; ;SI;270,9;KILOGRAMO;4199,5;KILOGRAMO;302,7;KILOGRAMO;4417,79;KILOGRAMO;SI;NO; ; ;SI; ; ; ;16;LITRO;AZUL;7,6;LITRO;AZUL; ; ; ; ; ;OTRAS FLORES TRANSITORIAS; ;5880; ; ;TOTAL NACIONAL;1
