Identificador;ual_prov;ual_estr;ual_segm;al_ncues;vgo_ncventmamen6mes;vgo_ncventmamas6mes;vgo_ncventhemmen6mes;vgo_ncventhemmas6mes;vm_trs;vm_trc;vm_tro;vm_znd;vm_tn;vm6m;vmy6m;TOTAL;fact_exp_fin
01055001025040006; AZUAY;01;02504;0006; ; ; ;1;REGIÓN SIERRA; ; ; ;TOTAL NACIONAL; ;1;1;38,60307908119
01015701031020003; AZUAY;01;03102;0003; ;2; ; ;REGIÓN SIERRA; ; ; ;TOTAL NACIONAL; ;2;2;,163808886860668
01125001033490002; AZUAY;01;03349;0002; ;2; ; ;REGIÓN SIERRA; ; ; ;TOTAL NACIONAL; ;2;2;38,4070474049031
01055201034770001; AZUAY;01;03477;0001;1;0;1; ;REGIÓN SIERRA; ; ; ;TOTAL NACIONAL;2;0;2;72,245896577467
01015701046750001; AZUAY;01;04675;0001;3; ; ; ;REGIÓN SIERRA; ; ; ;TOTAL NACIONAL;3; ;3;2,3581950954727
01016601049400002; AZUAY;01;04940;0002; ; ; ;2;REGIÓN SIERRA; ; ; ;TOTAL NACIONAL; ;2;2;25,1481099252052
01016701057660006; AZUAY;01;05766;0006; ;1; ; ;REGIÓN SIERRA; ; ; ;TOTAL NACIONAL; ;1;1;50,115679923864
01055901060980001; AZUAY;01;06098;0001;0;1; ;1;REGIÓN SIERRA; ; ; ;TOTAL NACIONAL;0;2;2;20,2163482911711
01055901060990001; AZUAY;01;06099;0001; ;1; ;1;REGIÓN SIERRA; ; ; ;TOTAL NACIONAL; ;2;2;27,4356083138333
01015801071610011; AZUAY;01;07161;0011; ;1;1; ;REGIÓN SIERRA; ; ; ;TOTAL NACIONAL;1;1;2;3,45124472439203
01035201075800004; AZUAY;01;07580;0004;2; ; ; ;REGIÓN SIERRA; ; ; ;TOTAL NACIONAL;2; ;2;77,7440086430692
01035601085230002; AZUAY;01;08523;0002; ;2;3; ;REGIÓN SIERRA; ; ; ;TOTAL NACIONAL;3;2;5;,190768262590394
01035001087250006; AZUAY;01;08725;0006; ;3; ; ;REGIÓN SIERRA; ; ; ;TOTAL NACIONAL; ;3;3;49,4235007109788
01035001087250007; AZUAY;01;08725;0007; ;2; ; ;REGIÓN SIERRA; ; ; ;TOTAL NACIONAL; ;2;2;17,5435097648563
01035001094910002; AZUAY;01;09491;0002; ;1; ;2;REGIÓN SIERRA; ; ; ;TOTAL NACIONAL; ;3;3;44,5808351761472
01017001100940002; AZUAY;01;10094;0002;1;1;1;1;REGIÓN SIERRA; ; ; ;TOTAL NACIONAL;2;2;4;87,0706933285775
01035701107590001; AZUAY;01;10759;0001; ;1; ;1;REGIÓN SIERRA; ; ; ;TOTAL NACIONAL; ;2;2;26,4240692177562
01017001110910005; AZUAY;01;11091;0005;2; ; ; ;REGIÓN SIERRA; ; ; ;TOTAL NACIONAL;2; ;2;78,6378528082626
01016801111160002; AZUAY;01;11116;0002; ;1; ;2;REGIÓN SIERRA; ; ; ;TOTAL NACIONAL; ;3;3;88,7099810091274
01115301117410001; AZUAY;01;11741;0001; ;1; ; ;REGIÓN SIERRA; ; ; ;TOTAL NACIONAL; ;1;1;64,8625133946778
01016101119010001; AZUAY;01;11901;0001; ; ; ;3;REGIÓN SIERRA; ; ; ;TOTAL NACIONAL; ;3;3;10,8903036400778
01016801134220013; AZUAY;01;13422;0013;0; ; ;2;REGIÓN SIERRA; ; ; ;TOTAL NACIONAL;0;2;2;23,2295317987925
01016101135390001; AZUAY;01;13539;0001; ;1; ; ;REGIÓN SIERRA; ; ; ;TOTAL NACIONAL; ;1;1;7,27787998722436
01016101135390004; AZUAY;01;13539;0004; ;1; ; ;REGIÓN SIERRA; ; ; ;TOTAL NACIONAL; ;1;1;43,0357641746051
01095501135470003; AZUAY;01;13547;0003; ; ; ;1;REGIÓN SIERRA; ; ; ;TOTAL NACIONAL; ;1;1;23,5982545257575
01016801140890004; AZUAY;01;14089;0004; ; ; ;2;REGIÓN SIERRA; ; ; ;TOTAL NACIONAL; ;2;2;41,7616527090258
01095001141930003; AZUAY;01;14193;0003; ;1; ;1;REGIÓN SIERRA; ; ; ;TOTAL NACIONAL; ;2;2;21,9188187859952
01016101143830011; AZUAY;01;14383;0011; ;3; ;1;REGIÓN SIERRA; ; ; ;TOTAL NACIONAL; ;4;4;102,438802296941
01095401154140001; AZUAY;01;15414;0001; ;1; ;2;REGIÓN SIERRA; ; ; ;TOTAL NACIONAL; ;3;3;35,9367068906267
01095401155280002; AZUAY;01;15528;0002; ;1; ; ;REGIÓN SIERRA; ; ; ;TOTAL NACIONAL; ;1;1;20,2428777103763
01095401159330001; AZUAY;01;15933;0001; ;3; ; ;REGIÓN SIERRA; ; ; ;TOTAL NACIONAL; ;3;3;66,1929741889514
01015201172420002; AZUAY;01;17242;0002;1;1;0;1;REGIÓN SIERRA; ; ; ;TOTAL NACIONAL;1;2;3;70,0189903661975
01095601174830007; AZUAY;01;17483;0007;4;2; ;5;REGIÓN SIERRA; ; ; ;TOTAL NACIONAL;4;7;11;74,6761885186109
01025001180700003; AZUAY;01;18070;0003; ;1; ;1;REGIÓN SIERRA; ; ; ;TOTAL NACIONAL; ;2;2;7,12358984744922
01095601183230001; AZUAY;01;18323;0001;1; ;1; ;REGIÓN SIERRA; ; ; ;TOTAL NACIONAL;2; ;2;65,8971448381084
01095201187530001; AZUAY;01;18753;0001;2;2;1;3;REGIÓN SIERRA; ; ; ;TOTAL NACIONAL;3;5;8;53,3331087217175
01095201190140001; AZUAY;01;19014;0001;1; ;1; ;REGIÓN SIERRA; ; ; ;TOTAL NACIONAL;2; ;2;85,2988779538769
01095201201900009; AZUAY;01;20190;0009;3; ;3; ;REGIÓN SIERRA; ; ; ;TOTAL NACIONAL;6; ;6;4,17494223398691
01025001203910002; AZUAY;01;20391;0002; ;30; ; ;REGIÓN SIERRA; ; ; ;TOTAL NACIONAL; ;30;30;14,6088591305495
01025001204130001; AZUAY;01;20413;0001; ;2; ; ;REGIÓN SIERRA; ; ; ;TOTAL NACIONAL; ;2;2;39,1881524199805
01095201207510003; AZUAY;01;20751;0003; ;1; ;3;REGIÓN SIERRA; ; ; ;TOTAL NACIONAL; ;4;4;3,92589792252957
01025001210820001; AZUAY;01;21082;0001; ;8; ; ;REGIÓN SIERRA; ; ; ;TOTAL NACIONAL; ;8;8;14,3495765610437
01065201227450002; AZUAY;01;22745;0002; ;1; ; ;REGIÓN SIERRA; ; ; ;TOTAL NACIONAL; ;1;1;7,73230041874783
01065201227480001; AZUAY;01;22748;0001; ;1; ; ;REGIÓN SIERRA; ; ; ;TOTAL NACIONAL; ;1;1;31,2290000757182
01045001239220005; AZUAY;01;23922;0005;2; ; ; ;REGIÓN SIERRA; ; ; ;TOTAL NACIONAL;2; ;2;15,9954251185286
01045001247360001; AZUAY;01;24736;0001;1; ; ; ;REGIÓN SIERRA; ; ; ;TOTAL NACIONAL;1; ;1;21,5076213782543
01045001253920007; AZUAY;01;25392;0007; ;1; ; ;REGIÓN SIERRA; ; ; ;TOTAL NACIONAL; ;1;1;49,2210190878453
01045301275750001; AZUAY;01;27575;0001;2; ; ; ;REGIÓN SIERRA; ; ; ;TOTAL NACIONAL;2; ;2;56,6076954888475
01045301276490002; AZUAY;01;27649;0002;2; ; ; ;REGIÓN SIERRA; ; ; ;TOTAL NACIONAL;2; ;2;1,18438659031258
01045101277250006; AZUAY;01;27725;0006;1;2;1;1;REGIÓN SIERRA; ; ; ;TOTAL NACIONAL;2;3;5;69,1687227903831
01017103006540001; AZUAY;03;00654;0001; ;1; ; ;REGIÓN SIERRA; ; ; ;TOTAL NACIONAL; ;1;1;34,9088638238954
01015704000460002; AZUAY;04;00046;0002;3; ; ; ;REGIÓN SIERRA; ; ; ;TOTAL NACIONAL;3; ;3;31,0066878473212
02015901008570001;BOLÍVAR;01;00857;0001; ;2; ; ;REGIÓN SIERRA; ; ; ;TOTAL NACIONAL; ;2;2;4,62305190122274
02015901025760012;BOLÍVAR;01;02576;0012; ; ; ;1;REGIÓN SIERRA; ; ; ;TOTAL NACIONAL; ;1;1;64,4199641975808
02015901032840001;BOLÍVAR;01;03284;0001; ; ; ;1;REGIÓN SIERRA; ; ; ;TOTAL NACIONAL; ;1;1;51,8239070254182
02015001064620009;BOLÍVAR;01;06462;0009; ;1; ;2;REGIÓN SIERRA; ; ; ;TOTAL NACIONAL; ;3;3;7,92463208339388
02015001064810003;BOLÍVAR;01;06481;0003; ;1; ;2;REGIÓN SIERRA; ; ; ;TOTAL NACIONAL; ;3;3;2,96206610648474
02035301103020004;BOLÍVAR;01;10302;0004; ; ; ;1;REGIÓN SIERRA; ; ; ;TOTAL NACIONAL; ;1;1;32,5093509483378
02035301105440006;BOLÍVAR;01;10544;0006; ;1; ; ;REGIÓN SIERRA; ; ; ;TOTAL NACIONAL; ;1;1;,901007826078575
02055001120500001;BOLÍVAR;01;12050;0001;1; ; ; ;REGIÓN SIERRA; ; ; ;TOTAL NACIONAL;1; ;1;60,6036208717331
02055601122340004;BOLÍVAR;01;12234;0004; ;2; ;5;REGIÓN SIERRA; ; ; ;TOTAL NACIONAL; ;7;7;10,1680103220646
02055401130630002;BOLÍVAR;01;13063;0002; ; ;2; ;REGIÓN SIERRA; ; ; ;TOTAL NACIONAL;2; ;2;23,6147865114082
02055401131190005;BOLÍVAR;01;13119;0005;2; ; ;3;REGIÓN SIERRA; ; ; ;TOTAL NACIONAL;2;3;5;30,9955697899933
02055401131190007;BOLÍVAR;01;13119;0007; ;1; ; ;REGIÓN SIERRA; ; ; ;TOTAL NACIONAL; ;1;1;26,7976490412067
02025001150380001;BOLÍVAR;01;15038;0001; ;1; ; ;REGIÓN SIERRA; ; ; ;TOTAL NACIONAL; ;1;1;6,73485401796906
02025001156650004;BOLÍVAR;01;15665;0004; ;1; ;1;REGIÓN SIERRA; ; ; ;TOTAL NACIONAL; ;2;2;8,42304215814505
02025001157180001;BOLÍVAR;01;15718;0001;1; ;1;5;REGIÓN SIERRA; ; ; ;TOTAL NACIONAL;2;5;7;49,1422246479863
02025001157180003;BOLÍVAR;01;15718;0003; ;2; ; ;REGIÓN SIERRA; ; ; ;TOTAL NACIONAL; ;2;2;15,1530129184681
02025001157660002;BOLÍVAR;01;15766;0002; ;1; ; ;REGIÓN SIERRA; ; ; ;TOTAL NACIONAL; ;1;1;32,6321570691298
02025001163430005;BOLÍVAR;01;16343;0005; ;1;3; ;REGIÓN SIERRA; ; ; ;TOTAL NACIONAL;3;1;4;1,99113754868863
02025001163490004;BOLÍVAR;01;16349;0004; ;1; ;1;REGIÓN SIERRA; ; ; ;TOTAL NACIONAL; ;2;2;64,0694585418975
02025001166120007;BOLÍVAR;01;16612;0007;0; ; ;8;REGIÓN SIERRA; ; ; ;TOTAL NACIONAL;0;8;8;37,8788607567478
02025001166130007;BOLÍVAR;01;16613;0007;0; ; ;8;REGIÓN SIERRA; ; ; ;TOTAL NACIONAL;0;8;8;6,40538824984919
03075001024010008;CAÑAR;01;02401;0008; ; ; ;2;REGIÓN SIERRA; ; ; ;TOTAL NACIONAL; ;2;2;71,3064585808165
03075001024010015;CAÑAR;01;02401;0015; ; ; ;4;REGIÓN SIERRA; ; ; ;TOTAL NACIONAL; ;4;4;36,0889075770072
03075001024010018;CAÑAR;01;02401;0018; ;1; ; ;REGIÓN SIERRA; ; ; ;TOTAL NACIONAL; ;1;1;,531225724603457
03036101031820009;CAÑAR;01;03182;0009; ;1; ;4;REGIÓN SIERRA; ; ; ;TOTAL NACIONAL; ;5;5;49,8117132577317
03055001032710009;CAÑAR;01;03271;0009;1;1; ; ;REGIÓN SIERRA; ; ; ;TOTAL NACIONAL;1;1;2;3,88509830397191
03035501054450007;CAÑAR;01;05445;0007; ; ;1; ;REGIÓN SIERRA; ; ; ;TOTAL NACIONAL;1; ;1;52,8172692636942
03035801060030002;CAÑAR;01;06003;0002; ;1; ;1;REGIÓN SIERRA; ; ; ;TOTAL NACIONAL; ;2;2;6,17950905748965
03025401069870002;CAÑAR;01;06987;0002; ;2;2; ;REGIÓN SIERRA; ; ; ;TOTAL NACIONAL;2;2;4;73,9074096435174
03025401073130006;CAÑAR;01;07313;0006; ;2; ; ;REGIÓN SIERRA; ; ; ;TOTAL NACIONAL; ;2;2;67,8664631007557
03025401073150008;CAÑAR;01;07315;0008;1; ; ; ;REGIÓN SIERRA; ; ; ;TOTAL NACIONAL;1; ;1;66,1899379634599
03025101076380002;CAÑAR;01;07638;0002; ; ; ;1;REGIÓN SIERRA; ; ; ;TOTAL NACIONAL; ;1;1;8,03707163745455
03025101077310002;CAÑAR;01;07731;0002; ; ; ;1;REGIÓN SIERRA; ; ; ;TOTAL NACIONAL; ;1;1;13,9654226975216
03015501079040005;CAÑAR;01;07904;0005; ;1; ; ;REGIÓN SIERRA; ; ; ;TOTAL NACIONAL; ;1;1;17,0918210230783
03015101079610002;CAÑAR;01;07961;0002; ;2;1;1;REGIÓN SIERRA; ; ; ;TOTAL NACIONAL;1;3;4;54,336338695102
03065001080620001;CAÑAR;01;08062;0001; ;2; ; ;REGIÓN SIERRA; ; ; ;TOTAL NACIONAL; ;2;2;43,6397666847057
03065001082640002;CAÑAR;01;08264;0002; ;2; ;3;REGIÓN SIERRA; ; ; ;TOTAL NACIONAL; ;5;5;24,5821247824673
03015101082920002;CAÑAR;01;08292;0002; ;1; ;2;REGIÓN SIERRA; ; ; ;TOTAL NACIONAL; ;3;3;27,9761362992037
03015801085720002;CAÑAR;01;08572;0002; ; ; ;1;REGIÓN SIERRA; ; ; ;TOTAL NACIONAL; ;1;1;62,2420193638739
03065101086170001;CAÑAR;01;08617;0001; ;2; ; ;REGIÓN SIERRA; ; ; ;TOTAL NACIONAL; ;2;2;67,8097417726854
03065001086220005;CAÑAR;01;08622;0005; ; ;1; ;REGIÓN SIERRA; ; ; ;TOTAL NACIONAL;1; ;1;48,7438719456422
03035703001230004;CAÑAR;03;00123;0004; ;1; ;1;REGIÓN SIERRA; ; ; ;TOTAL NACIONAL; ;2;2;20,7528334996639
03035403003110002;CAÑAR;03;00311;0002; ; ; ;2;REGIÓN SIERRA; ; ; ;TOTAL NACIONAL; ;2;2;1,09642664248357
03035803003430001;CAÑAR;03;00343;0001; ;1; ;1;REGIÓN SIERRA; ; ; ;TOTAL NACIONAL; ;2;2;28,1223958462761
04015001011170006;CARCHI;01;01117;0006; ;2; ;3;REGIÓN SIERRA; ; ; ;TOTAL NACIONAL; ;5;5;2,91013665460506
04015001017700001;CARCHI;01;01770;0001;9;15; ;56;REGIÓN SIERRA; ; ; ;TOTAL NACIONAL;9;71;80;8,02886433716709
05015901041060003;COTOPAXI;01;04106;0003; ; ; ;1;REGIÓN SIERRA; ; ; ;TOTAL NACIONAL; ;1;1;57,7737893816198
05016201044140001;COTOPAXI;01;04414;0001; ;2; ; ;REGIÓN SIERRA; ; ; ;TOTAL NACIONAL; ;2;2;,949422832337065
05016201055260005;COTOPAXI;01;05526;0005;1; ; ; ;REGIÓN SIERRA; ; ; ;TOTAL NACIONAL;1; ;1;27,3198955186308
05075201077050005;COTOPAXI;01;07705;0005; ;1; ;1;REGIÓN SIERRA; ; ; ;TOTAL NACIONAL; ;2;2;8,87353692599246
05075101088080001;COTOPAXI;01;08808;0001; ;2; ; ;REGIÓN SIERRA; ; ; ;TOTAL NACIONAL; ;2;2;9,68630380866843
05075101088080010;COTOPAXI;01;08808;0010; ;3; ;2;REGIÓN SIERRA; ; ; ;TOTAL NACIONAL; ;5;5;42,3256024889701
05075101090950003;COTOPAXI;01;09095;0003; ;2; ; ;REGIÓN SIERRA; ; ; ;TOTAL NACIONAL; ;2;2;27,2737589273761
05075101090950004;COTOPAXI;01;09095;0004; ; ; ;2;REGIÓN SIERRA; ; ; ;TOTAL NACIONAL; ;2;2;39,0638144319873
05075101091010001;COTOPAXI;01;09101;0001; ;2; ; ;REGIÓN SIERRA; ; ; ;TOTAL NACIONAL; ;2;2;52,9824593417875
05015801108700007;COTOPAXI;01;10870;0007;1; ; ; ;REGIÓN SIERRA; ; ; ;TOTAL NACIONAL;1; ;1;11,2376263472999
05015101110970006;COTOPAXI;01;11097;0006; ; ; ;1;REGIÓN SIERRA; ; ; ;TOTAL NACIONAL; ;1;1;61,3639237195027
05015801120770006;COTOPAXI;01;12077;0006; ;2; ;1;REGIÓN SIERRA; ; ; ;TOTAL NACIONAL; ;3;3;35,0899320375248
05045801125170007;COTOPAXI;01;12517;0007;1;1; ; ;REGIÓN SIERRA; ; ; ;TOTAL NACIONAL;1;1;2;56,4206388914598
05045801133180003;COTOPAXI;01;13318;0003;1; ;1; ;REGIÓN SIERRA; ; ; ;TOTAL NACIONAL;2; ;2;13,5298543602346
05045801134400002;COTOPAXI;01;13440;0002; ;8; ;3;REGIÓN SIERRA; ; ; ;TOTAL NACIONAL; ;11;11;53,7757759934172
05015701144400008;COTOPAXI;01;14440;0008; ;2; ; ;REGIÓN SIERRA; ; ; ;TOTAL NACIONAL; ;2;2;2,09984461607455
05045001148020002;COTOPAXI;01;14802;0002; ; ; ;4;REGIÓN SIERRA; ; ; ;TOTAL NACIONAL; ;4;4;10,7604436699732
05015001161130027;COTOPAXI;01;16113;0027; ;1; ; ;REGIÓN SIERRA; ; ; ;TOTAL NACIONAL; ;1;1;12,8096658098458
05045001161360020;COTOPAXI;01;16136;0020; ;1; ; ;REGIÓN SIERRA; ; ; ;TOTAL NACIONAL; ;1;1;15,5889930760511
05045001164460002;COTOPAXI;01;16446;0002;2; ; ; ;REGIÓN SIERRA; ; ; ;TOTAL NACIONAL;2; ;2;39,664253871745
05045001164460009;COTOPAXI;01;16446;0009; ;3; ; ;REGIÓN SIERRA; ; ; ;TOTAL NACIONAL; ;3;3;31,2338177978081
05045001167810005;COTOPAXI;01;16781;0005; ; ;2; ;REGIÓN SIERRA; ; ; ;TOTAL NACIONAL;2; ;2;51,8430172463618
05055001171160001;COTOPAXI;01;17116;0001; ;17; ; ;REGIÓN SIERRA; ; ; ;TOTAL NACIONAL; ;17;17;7,59249028144644
05045001192020003;COTOPAXI;01;19202;0003; ;1; ; ;REGIÓN SIERRA; ; ; ;TOTAL NACIONAL; ;1;1;30,1055192726761
05055001192780007;COTOPAXI;01;19278;0007; ;1; ; ;REGIÓN SIERRA; ; ; ;TOTAL NACIONAL; ;1;1;44,6691511558432
05055301202570021;COTOPAXI;01;20257;0021;0;1;0;0;REGIÓN SIERRA; ; ; ;TOTAL NACIONAL;0;1;1;14,6214986861228
05055201208650008;COTOPAXI;01;20865;0008; ;0;1;0;REGIÓN SIERRA; ; ; ;TOTAL NACIONAL;1;0;1;,0577769992149095
05045101210520001;COTOPAXI;01;21052;0001; ;25; ;10;REGIÓN SIERRA; ; ; ;TOTAL NACIONAL; ;35;35;14,7355415730759
05055201210750013;COTOPAXI;01;21075;0013;0;1; ; ;REGIÓN SIERRA; ; ; ;TOTAL NACIONAL;0;1;1;46,7111956303351
05055201211430002;COTOPAXI;01;21143;0002;0;1; ; ;REGIÓN SIERRA; ; ; ;TOTAL NACIONAL;0;1;1;59,0898210304039
05055201211430003;COTOPAXI;01;21143;0003;0;0;0;1;REGIÓN SIERRA; ; ; ;TOTAL NACIONAL;0;1;1;81,5939622246111
05045101221400003;COTOPAXI;01;22140;0003; ; ;1;1;REGIÓN SIERRA; ; ; ;TOTAL NACIONAL;1;1;2;14,512625841899
05035001232250003;COTOPAXI;01;23225;0003; ;3; ;2;REGIÓN SIERRA; ; ; ;TOTAL NACIONAL; ;5;5;34,9876414055302
05045303004180001;COTOPAXI;03;00418;0001;1; ; ; ;REGIÓN SIERRA; ; ; ;TOTAL NACIONAL;1; ;1;23,7144851949631
05045303004180002;COTOPAXI;03;00418;0002; ; ; ;1;REGIÓN SIERRA; ; ; ;TOTAL NACIONAL; ;1;1;41,4789975138791
05045303004180006;COTOPAXI;03;00418;0006; ;2; ; ;REGIÓN SIERRA; ; ; ;TOTAL NACIONAL; ;2;2;20,9056451366416
05045303004180008;COTOPAXI;03;00418;0008; ; ;10; ;REGIÓN SIERRA; ; ; ;TOTAL NACIONAL;10; ;10;15,939634761824
05045303004180022;COTOPAXI;03;00418;0022; ;4; ;6;REGIÓN SIERRA; ; ; ;TOTAL NACIONAL; ;10;10;74,8275911691909
05045303004180024;COTOPAXI;03;00418;0024; ;8; ; ;REGIÓN SIERRA; ; ; ;TOTAL NACIONAL; ;8;8;32,0813630627564
05045103006550001;COTOPAXI;03;00655;0001; ; ;3; ;REGIÓN SIERRA; ; ; ;TOTAL NACIONAL;3; ;3;44,4074572958852
05015804000700010;COTOPAXI;04;00070;0010; ;2; ;4;REGIÓN SIERRA; ; ; ;TOTAL NACIONAL; ;6;6;7,53784361262248
05015804000700014;COTOPAXI;04;00070;0014;3; ; ;1;REGIÓN SIERRA; ; ; ;TOTAL NACIONAL;3;1;4;18,1308540289872
06075401016110002;CHIMBORAZO;01;01611;0002;0; ;1; ;REGIÓN SIERRA; ; ; ;TOTAL NACIONAL;1; ;1;57,3203994707835
06075401017700002;CHIMBORAZO;01;01770;0002;0; ; ;2;REGIÓN SIERRA; ; ; ;TOTAL NACIONAL;0;2;2;7,28099503700974
06075401017700007;CHIMBORAZO;01;01770;0007; ;2; ; ;REGIÓN SIERRA; ; ; ;TOTAL NACIONAL; ;2;2;9,72668205435115
06075401019240016;CHIMBORAZO;01;01924;0016; ;1; ; ;REGIÓN SIERRA; ; ; ;TOTAL NACIONAL; ;1;1;36,2837131388132
06075401019240023;CHIMBORAZO;01;01924;0023; ;4; ; ;REGIÓN SIERRA; ; ; ;TOTAL NACIONAL; ;4;4;60,1459749328074
06095201020320006;CHIMBORAZO;01;02032;0006;3; ; ;1;REGIÓN SIERRA; ; ; ;TOTAL NACIONAL;3;1;4;6,56732236173441
06075401021180010;CHIMBORAZO;01;02118;0010;0; ; ;1;REGIÓN SIERRA; ; ; ;TOTAL NACIONAL;0;1;1;50,2088138569523
06075401021180012;CHIMBORAZO;01;02118;0012;0; ; ;4;REGIÓN SIERRA; ; ; ;TOTAL NACIONAL;0;4;4;63,8350525878476
06075401021180041;CHIMBORAZO;01;02118;0041; ; ;5; ;REGIÓN SIERRA; ; ; ;TOTAL NACIONAL;5; ;5;91,1996032948548
06015201030950017;CHIMBORAZO;01;03095;0017;0;5; ; ;REGIÓN SIERRA; ; ; ;TOTAL NACIONAL;0;5;5;33,580464955584
06015201030950022;CHIMBORAZO;01;03095;0022;3; ;3; ;REGIÓN SIERRA; ; ; ;TOTAL NACIONAL;6; ;6;35,3030722431696
06015901036090008;CHIMBORAZO;01;03609;0008;1; ; ;1;REGIÓN SIERRA; ; ; ;TOTAL NACIONAL;1;1;2;35,7410918432237
06035001045140007;CHIMBORAZO;01;04514;0007; ; ; ;4;REGIÓN SIERRA; ; ; ;TOTAL NACIONAL; ;4;4;19,1224974650502
06035001047640003;CHIMBORAZO;01;04764;0003; ; ; ;1;REGIÓN SIERRA; ; ; ;TOTAL NACIONAL; ;1;1;37,2643540344568
06035001051270002;CHIMBORAZO;01;05127;0002; ; ;1; ;REGIÓN SIERRA; ; ; ;TOTAL NACIONAL;1; ;1;31,0601659680183
06045001054500028;CHIMBORAZO;01;05450;0028; ;1; ; ;REGIÓN SIERRA; ; ; ;TOTAL NACIONAL; ;1;1;65,3760597095733
06035401059720001;CHIMBORAZO;01;05972;0001;1; ; ; ;REGIÓN SIERRA; ; ; ;TOTAL NACIONAL;1; ;1;16,2987047870006
06035401069380001;CHIMBORAZO;01;06938;0001; ; ; ;2;REGIÓN SIERRA; ; ; ;TOTAL NACIONAL; ;2;2;65,4049020888569
06035401069380003;CHIMBORAZO;01;06938;0003; ; ; ;1;REGIÓN SIERRA; ; ; ;TOTAL NACIONAL; ;1;1;88,2073913312243
06035401069380009;CHIMBORAZO;01;06938;0009; ; ;2; ;REGIÓN SIERRA; ; ; ;TOTAL NACIONAL;2; ;2;50,0359066826384
06035401069380020;CHIMBORAZO;01;06938;0020; ; ; ;2;REGIÓN SIERRA; ; ; ;TOTAL NACIONAL; ;2;2;30,1650664237411
06015701070720006;CHIMBORAZO;01;07072;0006;0; ; ;2;REGIÓN SIERRA; ; ; ;TOTAL NACIONAL;0;2;2;45,9724451877719
06015701070720029;CHIMBORAZO;01;07072;0029;0; ; ;1;REGIÓN SIERRA; ; ; ;TOTAL NACIONAL;0;1;1;10,1664510244018
06015601070740018;CHIMBORAZO;01;07074;0018; ;2; ;2;REGIÓN SIERRA; ; ; ;TOTAL NACIONAL; ;4;4;12,4601055703542
06035201074070002;CHIMBORAZO;01;07407;0002; ;1; ; ;REGIÓN SIERRA; ; ; ;TOTAL NACIONAL; ;1;1;37,0743073492545
06035201078000040;CHIMBORAZO;01;07800;0040; ; ; ;3;REGIÓN SIERRA; ; ; ;TOTAL NACIONAL; ;3;3;102,073821226547
06035201080750003;CHIMBORAZO;01;08075;0003; ; ; ;1;REGIÓN SIERRA; ; ; ;TOTAL NACIONAL; ;1;1;68,9014016635326
06035201080750004;CHIMBORAZO;01;08075;0004; ; ; ;1;REGIÓN SIERRA; ; ; ;TOTAL NACIONAL; ;1;1;20,9891560120209
06035201080750007;CHIMBORAZO;01;08075;0007;1; ; ;2;REGIÓN SIERRA; ; ; ;TOTAL NACIONAL;1;2;3;41,8772888075643
06035201080750012;CHIMBORAZO;01;08075;0012; ; ; ;1;REGIÓN SIERRA; ; ; ;TOTAL NACIONAL; ;1;1;29,9196918781192
06035201080840002;CHIMBORAZO;01;08084;0002; ; ; ;1;REGIÓN SIERRA; ; ; ;TOTAL NACIONAL; ;1;1;63,2409054190585
06065001102650004;CHIMBORAZO;01;10265;0004;1; ; ; ;REGIÓN SIERRA; ; ; ;TOTAL NACIONAL;1; ;1;51,6166797009305
06065001102650008;CHIMBORAZO;01;10265;0008;1; ; ; ;REGIÓN SIERRA; ; ; ;TOTAL NACIONAL;1; ;1;46,966755623173
06085001104340001;CHIMBORAZO;01;10434;0001; ;0;0;2;REGIÓN SIERRA; ; ; ;TOTAL NACIONAL;0;2;2;9,50320359691891
06065201114250009;CHIMBORAZO;01;11425;0009; ; ; ;1;REGIÓN SIERRA; ; ; ;TOTAL NACIONAL; ;1;1;17,9440079676539
06065201114250010;CHIMBORAZO;01;11425;0010; ;1; ;2;REGIÓN SIERRA; ; ; ;TOTAL NACIONAL; ;3;3;46,5552979047211
06065201114250011;CHIMBORAZO;01;11425;0011; ;2; ; ;REGIÓN SIERRA; ; ; ;TOTAL NACIONAL; ;2;2;17,8511576779499
06026001116020005;CHIMBORAZO;01;11602;0005; ;4;4; ;REGIÓN SIERRA; ; ; ;TOTAL NACIONAL;4;4;8;29,2138223573826
06026001116020006;CHIMBORAZO;01;11602;0006; ; ; ;1;REGIÓN SIERRA; ; ; ;TOTAL NACIONAL; ;1;1;5,43169358365467
06026001116020007;CHIMBORAZO;01;11602;0007;1; ; ; ;REGIÓN SIERRA; ; ; ;TOTAL NACIONAL;1; ;1;8,08404299797448
06026001116020017;CHIMBORAZO;01;11602;0017; ; ; ;1;REGIÓN SIERRA; ; ; ;TOTAL NACIONAL; ;1;1;,559574748361602
06026001123630003;CHIMBORAZO;01;12363;0003; ; ; ;1;REGIÓN SIERRA; ; ; ;TOTAL NACIONAL; ;1;1;5,39460731113433
06026001124130010;CHIMBORAZO;01;12413;0010;1; ; ; ;REGIÓN SIERRA; ; ; ;TOTAL NACIONAL;1; ;1;3,70850037821562
06026001124130012;CHIMBORAZO;01;12413;0012;1; ; ; ;REGIÓN SIERRA; ; ; ;TOTAL NACIONAL;1; ;1;17,8829917367056
06025001133320016;CHIMBORAZO;01;13332;0016; ;2; ; ;REGIÓN SIERRA; ; ; ;TOTAL NACIONAL; ;2;2;24,8907388308888
06025301134500012;CHIMBORAZO;01;13450;0012;0;1; ; ;REGIÓN SIERRA; ; ; ;TOTAL NACIONAL;0;1;1;,602596724279545
06025301135720004;CHIMBORAZO;01;13572;0004; ;1; ; ;REGIÓN SIERRA; ; ; ;TOTAL NACIONAL; ;1;1;12,6516887724918
06025301135990005;CHIMBORAZO;01;13599;0005; ;2; ;2;REGIÓN SIERRA; ; ; ;TOTAL NACIONAL; ;4;4;21,875173663348
06025001136040023;CHIMBORAZO;01;13604;0023;1; ; ;1;REGIÓN SIERRA; ; ; ;TOTAL NACIONAL;1;1;2;69,2285775138874
06055301152290003;CHIMBORAZO;01;15229;0003; ;1; ; ;REGIÓN SIERRA; ; ; ;TOTAL NACIONAL; ;1;1;37,2788450782952
06025301152850002;CHIMBORAZO;01;15285;0002; ;1; ; ;REGIÓN SIERRA; ; ; ;TOTAL NACIONAL; ;1;1;7,71590365263036
06025101154500002;CHIMBORAZO;01;15450;0002;3; ;2; ;REGIÓN SIERRA; ; ; ;TOTAL NACIONAL;5; ;5;11,2147897682117
06025101154500013;CHIMBORAZO;01;15450;0013;2; ; ;6;REGIÓN SIERRA; ; ; ;TOTAL NACIONAL;2;6;8;44,0981715346671
06025101162550003;CHIMBORAZO;01;16255;0003; ;1; ; ;REGIÓN SIERRA; ; ; ;TOTAL NACIONAL; ;1;1;10,3014498978658
06025101162550007;CHIMBORAZO;01;16255;0007;2; ;2; ;REGIÓN SIERRA; ; ; ;TOTAL NACIONAL;4; ;4;4,1071736655059
06025401166520001;CHIMBORAZO;01;16652;0001; ;5; ;5;REGIÓN SIERRA; ; ; ;TOTAL NACIONAL; ;10;10;8,80073322838619
06075103000390010;CHIMBORAZO;03;00039;0010; ;6; ;4;REGIÓN SIERRA; ; ; ;TOTAL NACIONAL; ;10;10;13,0344670858812
06026003005510005;CHIMBORAZO;03;00551;0005; ;2; ; ;REGIÓN SIERRA; ; ; ;TOTAL NACIONAL; ;2;2;57,0508797652203
06065004001060004;CHIMBORAZO;04;00106;0004; ;2; ;2;REGIÓN SIERRA; ; ; ;TOTAL NACIONAL; ;4;4;27,0177815398157
06065004001060005;CHIMBORAZO;04;00106;0005;5; ;5; ;REGIÓN SIERRA; ; ; ;TOTAL NACIONAL;10; ;10;29,9675515799871
06065004001060014;CHIMBORAZO;04;00106;0014; ;2; ; ;REGIÓN SIERRA; ; ; ;TOTAL NACIONAL; ;2;2;26,7834693775863
06065004001060017;CHIMBORAZO;04;00106;0017; ;2; ;3;REGIÓN SIERRA; ; ; ;TOTAL NACIONAL; ;5;5;35,0568432616946
06065004001060018;CHIMBORAZO;04;00106;0018;4; ; ; ;REGIÓN SIERRA; ; ; ;TOTAL NACIONAL;4; ;4;29,9137516598796
06065004001060033;CHIMBORAZO;04;00106;0033; ; ; ;10;REGIÓN SIERRA; ; ; ;TOTAL NACIONAL; ;10;10;28,9843228372138
06065004001060034;CHIMBORAZO;04;00106;0034; ;8; ;2;REGIÓN SIERRA; ; ; ;TOTAL NACIONAL; ;10;10;22,893382730099
06065204001110002;CHIMBORAZO;04;00111;0002; ; ; ;1;REGIÓN SIERRA; ; ; ;TOTAL NACIONAL; ;1;1;144,54706779823
06065204001110040;CHIMBORAZO;04;00111;0040;2; ; ; ;REGIÓN SIERRA; ; ; ;TOTAL NACIONAL;2; ;2;135,221715558647
06065204001110052;CHIMBORAZO;04;00111;0052; ;3; ;2;REGIÓN SIERRA; ; ; ;TOTAL NACIONAL; ;5;5;6,08177289408322
06065204001110054;CHIMBORAZO;04;00111;0054; ;2; ;2;REGIÓN SIERRA; ; ; ;TOTAL NACIONAL; ;4;4;32,2958657704313
06065204001110061;CHIMBORAZO;04;00111;0061; ;2; ;2;REGIÓN SIERRA; ; ; ;TOTAL NACIONAL; ;4;4;67,2665066806199
06065204001110064;CHIMBORAZO;04;00111;0064; ; ; ;1;REGIÓN SIERRA; ; ; ;TOTAL NACIONAL; ;1;1;116,118768380277
06095464000991725;CHIMBORAZO;64;00099;1725;15; ;15; ;REGIÓN SIERRA; ; ; ;TOTAL NACIONAL;30; ;30;1
07135301034380004;EL ORO;01;03438;0004; ; ; ;1; ;REGIÓN COSTA; ; ;TOTAL NACIONAL; ;1;1;16,1389760825135
07135301043590011;EL ORO;01;04359;0011; ;2; ; ; ;REGIÓN COSTA; ; ;TOTAL NACIONAL; ;2;2;12,8940828896428
07135301048160001;EL ORO;01;04816;0001; ; ; ;4; ;REGIÓN COSTA; ; ;TOTAL NACIONAL; ;4;4;21,6189701523872
07136262000990784;EL ORO;62;00099;0784; ;2; ; ; ;REGIÓN COSTA; ; ;TOTAL NACIONAL; ;2;2;1
09145002048310011;GUAYAS;02;04831;0011; ;1; ; ; ;REGIÓN COSTA; ; ;TOTAL NACIONAL; ;1;1;74,392630519183
09125002087470015;GUAYAS;02;08747;0015;1;1;2;4; ;REGIÓN COSTA; ; ;TOTAL NACIONAL;3;5;8;48,163720156037
09075002119400002;GUAYAS;02;11940;0002; ;1; ; ; ;REGIÓN COSTA; ; ;TOTAL NACIONAL; ;1;1;38,3930082307899
09075004001760008;GUAYAS;04;00176;0008; ; ; ;3; ;REGIÓN COSTA; ; ;TOTAL NACIONAL; ;3;3;71,9709763564379
10055001074860002;IMBABURA;01;07486;0002;0; ; ;1;REGIÓN SIERRA; ; ; ;TOTAL NACIONAL;0;1;1;10,6121632770654
10015001087210004;IMBABURA;01;08721;0004; ;3; ;6;REGIÓN SIERRA; ; ; ;TOTAL NACIONAL; ;9;9;9,79004815899646
10045001114500011;IMBABURA;01;11450;0011; ;20; ; ;REGIÓN SIERRA; ; ; ;TOTAL NACIONAL; ;20;20;9,79031359329143
10015201137320003;IMBABURA;01;13732;0003; ;1; ;1;REGIÓN SIERRA; ; ; ;TOTAL NACIONAL; ;2;2;27,0109143812913
10045701138090011;IMBABURA;01;13809;0011; ;2; ;3;REGIÓN SIERRA; ; ; ;TOTAL NACIONAL; ;5;5;4,88712949597026
11115701004360001;LOJA;01;00436;0001; ;1; ; ;REGIÓN SIERRA; ; ; ;TOTAL NACIONAL; ;1;1;31,9009474964703
11115001017520033;LOJA;01;01752;0033; ;1; ; ;REGIÓN SIERRA; ; ; ;TOTAL NACIONAL; ;1;1;55,3822015376469
11015201037320010;LOJA;01;03732;0010; ; ; ;1;REGIÓN SIERRA; ; ; ;TOTAL NACIONAL; ;1;1;14,5548912451264
11016001039000004;LOJA;01;03900;0004;1; ; ; ;REGIÓN SIERRA; ; ; ;TOTAL NACIONAL;1; ;1;19,2596653685357
11015001070940002;LOJA;01;07094;0002; ;3; ;2;REGIÓN SIERRA; ; ; ;TOTAL NACIONAL; ;5;5;37,431195515614
11015001134400001;LOJA;01;13440;0001; ;2; ; ;REGIÓN SIERRA; ; ; ;TOTAL NACIONAL; ;2;2;7,5680993522981
11025101164820001;LOJA;01;16482;0001; ;1; ; ;REGIÓN SIERRA; ; ; ;TOTAL NACIONAL; ;1;1;60,9414284426839
11025001173860004;LOJA;01;17386;0004; ;2; ; ;REGIÓN SIERRA; ; ; ;TOTAL NACIONAL; ;2;2;83,347204374389
11115404000260003;LOJA;04;00026;0003; ;2; ;2;REGIÓN SIERRA; ; ; ;TOTAL NACIONAL; ;4;4;21,3118567913638
11065104002620011;LOJA;04;00262;0011; ; ; ;6;REGIÓN SIERRA; ; ; ;TOTAL NACIONAL; ;6;6;16,829780063509
13035102126060004;MANABÍ;02;12606;0004;6; ; ; ; ;REGIÓN COSTA; ; ;TOTAL NACIONAL;6; ;6;2,43773847079067
13105102250140001;MANABÍ;02;25014;0001; ;3; ;2; ;REGIÓN COSTA; ; ;TOTAL NACIONAL; ;5;5;7,57024442832413
16015401027080001;PASTAZA;01;02708;0001;1;2;1;2; ; ;REGIÓN AMAZÓNICA; ;TOTAL NACIONAL;2;4;6;58,9529430153464
17018101010970003;PICHINCHA;01;01097;0003; ; ; ;1;REGIÓN SIERRA; ; ; ;TOTAL NACIONAL; ;1;1;47,2784697274614
17025301046240003;PICHINCHA;01;04624;0003; ;1; ; ;REGIÓN SIERRA; ; ; ;TOTAL NACIONAL; ;1;1;61,85854355092
17025601056620001;PICHINCHA;01;05662;0001; ; ; ;3;REGIÓN SIERRA; ; ; ;TOTAL NACIONAL; ;3;3;45,040604540453
17045401057200004;PICHINCHA;01;05720;0004; ; ; ;1;REGIÓN SIERRA; ; ; ;TOTAL NACIONAL; ;1;1;166,295037700418
17045301085290001;PICHINCHA;01;08529;0001; ; ; ;2;REGIÓN SIERRA; ; ; ;TOTAL NACIONAL; ;2;2;10,3876724556563
17025001113230001;PICHINCHA;01;11323;0001; ;2; ; ;REGIÓN SIERRA; ; ; ;TOTAL NACIONAL; ;2;2;39,7495267769426
17015401139440001;PICHINCHA;01;13944;0001; ;5; ; ;REGIÓN SIERRA; ; ; ;TOTAL NACIONAL; ;5;5;24,2001189692526
17025201165490008;PICHINCHA;01;16549;0008; ;2; ;1;REGIÓN SIERRA; ; ; ;TOTAL NACIONAL; ;3;3;181,214378378606
17018301165910002;PICHINCHA;01;16591;0002; ;350; ;150;REGIÓN SIERRA; ; ; ;TOTAL NACIONAL; ;500;500;0
17016001166710002;PICHINCHA;01;16671;0002; ;350; ;150;REGIÓN SIERRA; ; ; ;TOTAL NACIONAL; ;500;500;0
17018501183230001;PICHINCHA;01;18323;0001; ;3; ; ;REGIÓN SIERRA; ; ; ;TOTAL NACIONAL; ;3;3;,0797870250095933
17015201226420019;PICHINCHA;01;22642;0019; ; ; ;30;REGIÓN SIERRA; ; ; ;TOTAL NACIONAL; ;30;30;6,62998669725587
17017601232010001;PICHINCHA;01;23201;0001;15; ;15; ;REGIÓN SIERRA; ; ; ;TOTAL NACIONAL;30; ;30;,986565976244004
17017601234820001;PICHINCHA;01;23482;0001;15; ;15; ;REGIÓN SIERRA; ; ; ;TOTAL NACIONAL;30; ;30;1,04617538730525
17017601238760001;PICHINCHA;01;23876;0001; ; ; ;140;REGIÓN SIERRA; ; ; ;TOTAL NACIONAL; ;140;140;0
17017601238880001;PICHINCHA;01;23888;0001; ; ; ;40;REGIÓN SIERRA; ; ; ;TOTAL NACIONAL; ;40;40;0
17025403005790001;PICHINCHA;03;00579;0001; ;25; ;25;REGIÓN SIERRA; ; ; ;TOTAL NACIONAL; ;50;50;13,2628875974173
17017603008210005;PICHINCHA;03;00821;0005; ;30; ; ;REGIÓN SIERRA; ; ; ;TOTAL NACIONAL; ;30;30;0
17017661000992865;PICHINCHA;61;00099;2865; ; ; ;40;REGIÓN SIERRA; ; ; ;TOTAL NACIONAL; ;40;40;1
17017661000992930;PICHINCHA;61;00099;2930; ;30; ; ;REGIÓN SIERRA; ; ; ;TOTAL NACIONAL; ;30;30;1
17018564000991295;PICHINCHA;64;00099;1295; ;350; ;150;REGIÓN SIERRA; ; ; ;TOTAL NACIONAL; ;500;500;1
18015301007350001;TUNGURAHUA;01;00735;0001;1; ; ; ;REGIÓN SIERRA; ; ; ;TOTAL NACIONAL;1; ;1;41,0943354318027
18015301007350003;TUNGURAHUA;01;00735;0003; ;3; ; ;REGIÓN SIERRA; ; ; ;TOTAL NACIONAL; ;3;3;33,9701297334002
18015301007350004;TUNGURAHUA;01;00735;0004; ;1; ; ;REGIÓN SIERRA; ; ; ;TOTAL NACIONAL; ;1;1;28,6102192683641
18015301007350005;TUNGURAHUA;01;00735;0005;2; ;2; ;REGIÓN SIERRA; ; ; ;TOTAL NACIONAL;4; ;4;16,3268661010583
18015301007350009;TUNGURAHUA;01;00735;0009;1; ;1; ;REGIÓN SIERRA; ; ; ;TOTAL NACIONAL;2; ;2;24,3700038200894
18015301007350017;TUNGURAHUA;01;00735;0017;4; ; ; ;REGIÓN SIERRA; ; ; ;TOTAL NACIONAL;4; ;4;37,1682427823985
18015301007350018;TUNGURAHUA;01;00735;0018;1; ; ; ;REGIÓN SIERRA; ; ; ;TOTAL NACIONAL;1; ;1;66,804883863116
18015401012350001;TUNGURAHUA;01;01235;0001; ;1; ; ;REGIÓN SIERRA; ; ; ;TOTAL NACIONAL; ;1;1;9,20370650108122
18015401014030002;TUNGURAHUA;01;01403;0002; ;1; ; ;REGIÓN SIERRA; ; ; ;TOTAL NACIONAL; ;1;1;38,6441171957424
18015401014030008;TUNGURAHUA;01;01403;0008; ;1; ; ;REGIÓN SIERRA; ; ; ;TOTAL NACIONAL; ;1;1;88,9165957997275
18015401020550003;TUNGURAHUA;01;02055;0003; ;2; ; ;REGIÓN SIERRA; ; ; ;TOTAL NACIONAL; ;2;2;60,6763177852288
18015401020550007;TUNGURAHUA;01;02055;0007; ;2; ;1;REGIÓN SIERRA; ; ; ;TOTAL NACIONAL; ;3;3;46,0321635873094
18015401020550013;TUNGURAHUA;01;02055;0013;3; ; ; ;REGIÓN SIERRA; ; ; ;TOTAL NACIONAL;3; ;3;71,1849174693001
18016201026810002;TUNGURAHUA;01;02681;0002; ;1;1;1;REGIÓN SIERRA; ; ; ;TOTAL NACIONAL;1;2;3;38,2433633877866
18016201026810015;TUNGURAHUA;01;02681;0015; ;1; ;1;REGIÓN SIERRA; ; ; ;TOTAL NACIONAL; ;2;2;21,9187797004423
18016501030290008;TUNGURAHUA;01;03029;0008; ; ; ;2;REGIÓN SIERRA; ; ; ;TOTAL NACIONAL; ;2;2;50,9226063147161
18016501030290022;TUNGURAHUA;01;03029;0022;2; ; ; ;REGIÓN SIERRA; ; ; ;TOTAL NACIONAL;2; ;2;35,2332687336911
18016501030290028;TUNGURAHUA;01;03029;0028; ; ; ;1;REGIÓN SIERRA; ; ; ;TOTAL NACIONAL; ;1;1;84,9270926900717
18016101041390013;TUNGURAHUA;01;04139;0013;1; ; ; ;REGIÓN SIERRA; ; ; ;TOTAL NACIONAL;1; ;1;2,20823526832814
18016101041390023;TUNGURAHUA;01;04139;0023; ; ;5; ;REGIÓN SIERRA; ; ; ;TOTAL NACIONAL;5; ;5;12,6224748873465
18016101041390039;TUNGURAHUA;01;04139;0039;4;3; ; ;REGIÓN SIERRA; ; ; ;TOTAL NACIONAL;4;3;7;15,6977298047221
18016101044660014;TUNGURAHUA;01;04466;0014; ; ; ;1;REGIÓN SIERRA; ; ; ;TOTAL NACIONAL; ;1;1;20,8678594744139
18016101046530008;TUNGURAHUA;01;04653;0008;1; ;4; ;REGIÓN SIERRA; ; ; ;TOTAL NACIONAL;5; ;5;9,88646197973401
18016101046530020;TUNGURAHUA;01;04653;0020; ;3; ; ;REGIÓN SIERRA; ; ; ;TOTAL NACIONAL; ;3;3;8,07908297848877
18016101046530026;TUNGURAHUA;01;04653;0026; ; ; ;1;REGIÓN SIERRA; ; ; ;TOTAL NACIONAL; ;1;1;2,35859874911668
18075801047840047;TUNGURAHUA;01;04784;0047;1; ; ; ;REGIÓN SIERRA; ; ; ;TOTAL NACIONAL;1; ;1;33,696034464859
18015501047960027;TUNGURAHUA;01;04796;0027; ;1; ;2;REGIÓN SIERRA; ; ; ;TOTAL NACIONAL; ;3;3;10,8178942024891
18095101069150007;TUNGURAHUA;01;06915;0007; ;2; ;3;REGIÓN SIERRA; ; ; ;TOTAL NACIONAL; ;5;5;54,9003574586476
18045001074700008;TUNGURAHUA;01;07470;0008; ; ; ;2;REGIÓN SIERRA; ; ; ;TOTAL NACIONAL; ;2;2;11,3427774451695
18065001092610004;TUNGURAHUA;01;09261;0004;3; ;3; ;REGIÓN SIERRA; ; ; ;TOTAL NACIONAL;6; ;6;2,90441784163123
18016403001120018;TUNGURAHUA;03;00112;0018; ; ;3; ;REGIÓN SIERRA; ; ; ;TOTAL NACIONAL;3; ;3;13,3211200117355
18016403001120019;TUNGURAHUA;03;00112;0019;3; ; ; ;REGIÓN SIERRA; ; ; ;TOTAL NACIONAL;3; ;3;2,56885078280269
18016403001120021;TUNGURAHUA;03;00112;0021; ; ;3; ;REGIÓN SIERRA; ; ; ;TOTAL NACIONAL;3; ;3;14,7367336876833
18016403001120035;TUNGURAHUA;03;00112;0035; ;5; ; ;REGIÓN SIERRA; ; ; ;TOTAL NACIONAL; ;5;5;2,61339440228775
18016403001120040;TUNGURAHUA;03;00112;0040; ;2; ; ;REGIÓN SIERRA; ; ; ;TOTAL NACIONAL; ;2;2;25,3858957693631
18016103001770004;TUNGURAHUA;03;00177;0004; ; ;1; ;REGIÓN SIERRA; ; ; ;TOTAL NACIONAL;1; ;1;93,830068509841
18016103001770026;TUNGURAHUA;03;00177;0026;2; ;2; ;REGIÓN SIERRA; ; ; ;TOTAL NACIONAL;4; ;4;10,5334540660668
18016103001770030;TUNGURAHUA;03;00177;0030; ;5; ;5;REGIÓN SIERRA; ; ; ;TOTAL NACIONAL; ;10;10;4,48125906527807
90065103000290002;90;03;00029;0002; ; ;1; ; ; ; ;5;TOTAL NACIONAL;1; ;1;3,15916519984924
90065103000380009;90;03;00038;0009; ;2; ;2; ; ; ;5;TOTAL NACIONAL; ;4;4;3,78910064774026
90065104000060001;90;04;00006;0001; ;2; ; ; ; ; ;5;TOTAL NACIONAL; ;2;2;1,16316154200903
