Identificador;ual_prov;ual_estr;ual_segm;al_ncues;fp_numl;rc_clacul;fp_numt;fp_k704;fp_k705;fp_k706ha;fp_k707ha;fp_k708;fp_k709;fp_k710;fp_k711;fp_k712;fp_venmernac;fp_venmerint;fp_prepasuelo;fp_poda;fp_tutoreo;fp_despunte;fp_riego;fp_superf_regada_ha;fp_porc_surc;fp_porc_aspe;fp_porc_micr;fp_porc_gote;fp_porc_nebu;fp_porc_otro;fp_aferti;fp_forg;fp_cant1_fo;fp_umed1_fo;fp_cant2_fo;fp_umed2_fo;fp_cant3_fo;fp_umed3_fo;fp_fqui;fp_cantidad_npk_fq;fp_umed_npk_fq;fp_cantidad_nit_fq;fp_umed_nit_fq;fp_cantidad_fq;fp_umed_fq;fp_cantidad_pot_fq;fp_umed_pot_fq;fp_apliplagui;fp_porg;fp_cantidad_po;fp_umedida_po;fp_pqui;fp_cantidad_her_pq;fp_umed_her_pq;fp_color_her_pq;fp_cantidad_ins_pq;fp_umed_ins_pq;fp_color_ins_pq;fp_cantidad_fun_pq;fp_umed_fun_pq;fp_color_fun_pq;fp_cantidad_pq;fp_umed_pq;fp_color_pq;fp_totrabcont;fp_trabfami;fp_clacu;fp_full_tabaco;fp_tabaco;fp_Bonche;fp_Bouquet;fp_tn;fact_exp_fin
01035063000993807; AZUAY;63;00099;3807;1;ORQUÍDEAS;1;BAJO INVERNADERO;8;3,8;3,8;20000000;180000;FULL TABACO;3600;50;30;70;1;1;1;2;SI;3,8; ; ; ; ;100; ;SI;NO; ; ; ; ; ; ;SI;1600;KILOGRAMO;1440;KILOGRAMO;120;LITRO; ; ;SI;NO; ; ;SI;120;LITRO;AMARILLO;140;LITRO;AMARILLO;140;KILOGRAMO;AZUL;120;KILOGRAMO;VERDE; ; ;OTRAS FLORES PERMANENTES;3600; ; ; ;TOTAL NACIONAL;1
01035063000993807; AZUAY;63;00099;3807;2;ORQUÍDEAS;2;CAMPO ABIERTO;4;,04;,04;5000000;3000;FULL TABACO;15;200;30;70;1;1;1;2;SI;,04; ; ; ; ;100; ;SI;NO; ; ; ; ; ; ;SI;100;KILOGRAMO;90;KILOGRAMO;6;LITRO; ; ;SI;NO; ; ;SI;1;LITRO;AMARILLO;1,5;LITRO;AMARILLO;1;KILOGRAMO;AZUL;1;KILOGRAMO;VERDE; ; ;OTRAS FLORES PERMANENTES;15; ; ; ;TOTAL NACIONAL;1
01035063000993807; AZUAY;63;00099;3807;3;ORQUÍDEAS;3;CAMPO ABIERTO;3;,16;,16;1000000;40000;FULL TABACO;400;100;30;70;1;1;1;2;SI;,16; ; ; ; ;100; ;SI;NO; ; ; ; ; ; ;SI;300;KILOGRAMO;270;KILOGRAMO;18;LITRO; ; ;SI;NO; ; ;SI;1,8;LITRO;AMARILLO;4,5;LITRO;AMARILLO;3;KILOGRAMO;AZUL;1,8;KILOGRAMO;VERDE; ; ;OTRAS FLORES PERMANENTES;400; ; ; ;TOTAL NACIONAL;1
03065163000993801;CAÑAR;63;00099;3801;1;ROSA;1;BAJO INVERNADERO;15;3;2;240000;1133000;BONCHE;44000;25;15;85;1;1;1;1;SI;3; ; ; ;100; ; ;SI;SI; ; ;6;LIBRA;108;LITRO;SI; ; ;60;LITRO;60;LITRO; ; ;SI;NO; ; ;SI; ; ; ;36;LITRO;VERDE;75;LITRO;VERDE;36;LITRO;VERDE;5;0;ROSA; ; ;44000; ;TOTAL NACIONAL;1
03025463000993802;CAÑAR;63;00099;3802;1;ROSA;1;BAJO INVERNADERO;9;7,8;7,8;550000;5500000;FULL TABACO;5500;600;10;90;1;1;1;1;SI;7,8; ; ; ;100; ; ;SI;SI; ; ;1000;LIBRA;2890;LITRO;SI; ; ;1240;KILOGRAMO;1240;KILOGRAMO;13700;KILOGRAMO;SI;NO; ; ;SI;170;LITRO;AZUL;100;LITRO;AZUL;150;LITRO;AZUL; ; ; ;0;0;ROSA;5500; ; ; ;TOTAL NACIONAL;1
04035001038670002;CARCHI;01;03867;0002;1;ROSA;1;BAJO INVERNADERO;2;,22;,22;18000;120000;BONCHE;4784;25;20;80;1;1;1;1;SI;,22;100; ; ; ; ; ;SI;NO; ; ; ; ; ; ;SI; ; ;1440;KILOGRAMO;520;KILOGRAMO; ; ;SI;NO; ; ;SI; ; ; ;12;LITRO;AMARILLO; ; ; ;,04;LITRO;AMARILLO; ;2;ROSA; ; ;4784; ;TOTAL NACIONAL;54,8050805188027
04025201082530001;CARCHI;01;08253;0001;1;ROSA;2;BAJO INVERNADERO;3;,2;,2;15000;121875;BONCHE;3900;25;20;80;1;1;1;1;SI;,2; ; ; ;80; ;20;SI;NO; ; ; ; ; ; ;SI;34;QUINTAL; ; ; ; ; ; ;SI;NO; ; ;SI; ; ; ;3,9;LITRO;AZUL; ; ; ; ; ; ; ; ;ROSA; ; ;3900; ;TOTAL NACIONAL;55,0019847672718
04025201082530001;CARCHI;01;08253;0001;2;ROSA;3;BAJO INVERNADERO;2;,4;,4;35000;284975;BONCHE;4100;25;20;80;1;1;1;1;SI;,4; ; ; ;80; ;20;SI;NO; ; ; ; ; ; ;SI;34;QUINTAL; ; ; ; ; ; ;SI;NO; ; ;SI; ; ; ;3,9;LITRO;AZUL; ; ; ; ; ; ; ; ;ROSA; ; ;4100; ;TOTAL NACIONAL;69,9113691617475
04025201082530002;CARCHI;01;08253;0002;1;ROSA;2;BAJO INVERNADERO;2;1;1;80000;750000;FULL TABACO;1350;500;10;90;1;1;1;1;SI;1; ; ; ;100; ; ;SI;SI; ; ;1,5;TONELADA; ; ;SI;1687;KILOGRAMO; ; ; ; ; ; ;SI;SI;36,36;LITRO;SI; ; ; ;73;KILOGRAMO;AZUL;12;KILOGRAMO;AZUL; ; ; ;6;2;ROSA;1350; ; ; ;TOTAL NACIONAL;26,5640189431893
05015901027070004;COTOPAXI;01;02707;0004;1;ROSA;1;BAJO INVERNADERO;7;,32;,32;5333;31998;BONCHE;1216;25;100; ;1;1;1;1;SI;,32; ; ; ;100; ; ;SI;SI; ; ;81108,48; ; ; ;SI; ; ;1205,76;KILOGRAMO; ; ; ; ;SI;NO; ; ;SI; ; ; ;,12;LITRO;VERDE; ; ; ; ; ; ; ; ;ROSA; ; ;1216; ;TOTAL NACIONAL;86,9158402085903
05015901027070004;COTOPAXI;01;02707;0004;2;ROSA;2;BAJO INVERNADERO;7;,25;,25;4166;24996;BONCHE;950;25;100; ;1;1;1;1;SI;,25; ; ; ;100; ; ;SI;SI; ; ;63366; ; ; ;SI; ; ;942;KILOGRAMO; ; ; ; ;SI;NO; ; ;SI; ; ; ;,1;LITRO;VERDE; ; ; ; ; ; ; ; ;ROSA; ; ;950; ;TOTAL NACIONAL;54,3061059885168
05015901027070004;COTOPAXI;01;02707;0004;3;ROSA;3;BAJO INVERNADERO;7;,17;,17;2800;16800;BONCHE;638;25;100; ;1;1;1;1;SI;,17; ; ; ;100; ; ;SI;SI; ; ;43098,88; ; ; ;SI; ; ;640,56;KILOGRAMO; ; ; ; ;SI;NO; ; ;SI; ; ; ;,06;LITRO;VERDE; ; ; ; ; ; ; ; ;ROSA; ; ;638; ;TOTAL NACIONAL;3,45537721480311
05015901056510001;COTOPAXI;01;05651;0001;1;ROSA;1;BAJO INVERNADERO;2;19,5;19,5;1600000;10500000;TABACO;58450;150;16;84;1;1;1;1;SI;19,5; ; ; ;100; ; ;SI;SI; ; ;258972;KILOGRAMO; ; ;SI; ; ;6659288;LITRO; ; ; ; ;SI;NO; ; ;SI; ; ; ;11,56;LITRO;VERDE; ; ; ; ; ; ; ; ;ROSA; ;58450; ; ;TOTAL NACIONAL;13,0189274465993
05015901056510002;COTOPAXI;01;05651;0002;1;ROSA;1;BAJO INVERNADERO;5;13,13;13,13;937576;11636168;TABACO;69041;150;10;90;1;1;1;1;SI;13,13; ; ;100; ; ; ;SI;SI;138376,04;KILOGRAMO; ; ; ; ;SI; ; ;53856,59;LITRO; ; ; ; ;SI;NO; ; ;SI; ; ; ;131,3;LITRO;VERDE; ; ; ; ; ; ; ; ;ROSA; ;69041; ; ;TOTAL NACIONAL;0
05016101064230003;COTOPAXI;01;06423;0003;1;ROSA;1;BAJO INVERNADERO;3;4;4;256000;2400000;BONCHE;86400;25;10;90;1;1;1;1;SI;4; ; ; ;100; ; ;SI;SI; ; ; ; ;240000;LITRO;SI; ; ;80000;KILOGRAMO; ; ; ; ;SI;NO; ; ;SI; ; ; ;40;LITRO;AZUL; ; ; ; ; ; ; ; ;ROSA; ; ;86400; ;TOTAL NACIONAL;0
05016101064230003;COTOPAXI;01;06423;0003;2;ROSA;2;BAJO INVERNADERO;5;4;4;254000;2400000;BONCHE;86400;25;10;90;1;1;1;1;SI;4; ; ; ;100; ; ;SI;SI; ; ; ; ;240000;LITRO;SI; ; ;80000;KILOGRAMO; ; ; ; ;SI;NO; ; ;SI; ; ; ;40;LITRO;AZUL; ; ; ; ; ; ; ; ;ROSA; ; ;86400; ;TOTAL NACIONAL;0
05016101064230003;COTOPAXI;01;06423;0003;3;ROSA;3;BAJO INVERNADERO;7;7;7;448000;4200000;BONCHE;151200;25;10;90;1;1;1;1;SI;7; ; ; ;100; ; ;SI;SI; ; ; ; ;420000;LITRO;SI; ; ;140000;KILOGRAMO; ; ; ; ;SI;NO; ; ;SI; ; ; ;70;LITRO;AZUL; ; ; ; ; ; ; ; ;ROSA; ; ;151200; ;TOTAL NACIONAL;0
05016101081200004;COTOPAXI;01;08120;0004;1;ROSA;1;BAJO INVERNADERO;2;3,5;3,5;56298;394088;BONCHE;14660;25;99;1;1;1;1;1;SI;3,5; ; ; ;100; ; ;SI;SI;73,9;KILOGRAMO; ; ; ; ;SI; ; ;507;KILOGRAMO; ; ; ; ;SI;NO; ; ;SI; ; ; ;1,32;LITRO;VERDE; ; ; ; ; ; ; ; ;ROSA; ; ;14660; ;TOTAL NACIONAL;3,33520020706129
05065101081320015;COTOPAXI;01;08132;0015;1;CLAVEL;1;BAJO INVERNADERO;4;,07;,07;20000;24000;BONCHE;960;25;100; ;1;1;1;1;SI;,07; ; ; ;100; ; ;SI;NO; ; ; ; ; ; ;SI; ; ;7;QUINTAL; ; ; ; ;SI;NO; ; ;SI; ; ; ;4;LITRO;AMARILLO; ; ; ; ; ; ; ; ;CLAVEL; ; ;960; ;TOTAL NACIONAL;81,123950921474
05065101081320017;COTOPAXI;01;08132;0017;1;CLAVEL;1;BAJO INVERNADERO;3;,07;,07;23000;36000;BONCHE;1440;25;100; ;1;1;1;1;SI;,07; ; ; ;100; ; ;SI;NO; ; ; ; ; ; ;SI; ; ;9;QUINTAL; ; ; ; ;SI;NO; ; ;SI; ; ; ;4;LITRO;AMARILLO; ; ; ; ; ; ; ; ;CLAVEL; ; ;1440; ;TOTAL NACIONAL;92,4982244573932
05065101081350013;COTOPAXI;01;08135;0013;1;ROSA;1;BAJO INVERNADERO;2;,08;,08;7500;90000;BONCHE;3060;25;100; ;1;1;1;1;NO; ; ; ; ; ; ; ;SI;SI;19,2;QUINTAL; ;LIBRA;144;LITRO;SI; ; ;3;QUINTAL; ; ;3;QUINTAL;SI;SI;5;LITRO;SI; ; ; ;6;LITRO;AMARILLO;3;LITRO;AMARILLO;,04;LITRO;AMARILLO; ; ;ROSA; ; ;3060; ;TOTAL NACIONAL;88,2563724465804
05065101081350013;COTOPAXI;01;08135;0013;2;CLAVEL;2;BAJO INVERNADERO;2;,07;,07;5000;2275;BONCHE;91;25;100; ;1;1;1;1;NO; ; ; ; ; ; ; ;SI;SI;16,8;QUINTAL; ;LIBRA;144;LITRO;SI; ; ;3;QUINTAL; ; ;3;QUINTAL;SI;NO; ; ;SI; ; ; ;6;LITRO;AMARILLO;3;LITRO;AMARILLO;,04;LITRO;AMARILLO; ; ;CLAVEL; ; ;91; ;TOTAL NACIONAL;96,0703103612357
05065101081350013;COTOPAXI;01;08135;0013;3;CLAVEL;3;BAJO INVERNADERO;0;,1;,1;15000;15000;BONCHE;594;25;100; ;1;1;1;1;NO; ; ; ; ; ; ; ;SI;SI;9;QUINTAL; ;LIBRA;12;LITRO;SI; ; ;3;QUINTAL; ; ;3;QUINTAL;SI;NO; ; ;SI; ; ; ;6;LITRO;AMARILLO;,03;LITRO;AMARILLO; ; ; ; ; ;CLAVEL; ; ;594; ;TOTAL NACIONAL;18,4244430829767
05065101083620008;COTOPAXI;01;08362;0008;1;CLAVEL;1;BAJO INVERNADERO;0;,2;0;22000; ; ; ; ; ; ;1;2;2;2;SI;,2; ;100; ; ; ; ;NO; ; ; ; ; ; ; ;NO; ; ; ; ; ; ; ; ;NO; ; ; ; ; ; ; ; ; ; ; ; ; ; ; ; ; ; ;CLAVEL; ; ; ; ;TOTAL NACIONAL;15,8252805766282
05065001087890023;COTOPAXI;01;08789;0023;1;CLAVEL;1;BAJO INVERNADERO;4;,12;,12;40000;50000;BONCHE;2000;25;100; ;1;1;1;1;SI;,12; ; ; ;100; ; ;SI;NO; ; ; ; ; ; ;SI; ; ;14;QUINTAL; ; ; ; ;SI;NO; ; ;SI; ; ; ;8;LITRO;AMARILLO; ; ; ; ; ; ; ; ;CLAVEL; ; ;2000; ;TOTAL NACIONAL;49,6253600895652
05015301091380001;COTOPAXI;01;09138;0001;1;ROSA;1;BAJO INVERNADERO;2;,26;,26;22000;201600;BONCHE;5040;30;100; ;1;1;1;1;SI;,26; ; ; ;100; ; ;SI;SI; ; ;200;LIBRA;600;LITRO;SI; ; ;300;KILOGRAMO; ; ;600;KILOGRAMO;SI;NO; ; ;SI; ; ; ; ; ; ;12;KILOGRAMO;VERDE;12;LITRO;VERDE; ; ;ROSA; ; ;5040; ;TOTAL NACIONAL;24,0175775903089
05015301091380001;COTOPAXI;01;09138;0001;2;ROSA;2;BAJO INVERNADERO;0;,18;,18;18000;1980;BONCHE;66;30;100; ;1;1;1;1;SI;,18; ; ; ;100; ; ;SI;SI; ; ;200;LIBRA;200;LITRO;SI; ; ;120;KILOGRAMO; ; ;250;KILOGRAMO;SI;NO; ; ;SI; ; ; ; ; ; ;5;KILOGRAMO;VERDE;5;LITRO;VERDE; ; ;ROSA; ; ;66; ;TOTAL NACIONAL;71,906507032173
05015601091440025;COTOPAXI;01;09144;0025;1;ROSA;1;BAJO INVERNADERO;1;,32;,32;30000;420000;BONCHE;14;25;30;70;1;2;2;1;SI;,32; ; ; ;100; ; ;SI;NO; ; ; ; ; ; ;SI; ; ;2;QUINTAL;1440;KILOGRAMO; ; ;SI;NO; ; ;SI; ; ; ;7;LITRO;VERDE;7;LITRO;VERDE; ; ; ;2; ;ROSA; ; ;14; ;TOTAL NACIONAL;59,5504321074783
05065001092010002;COTOPAXI;01;09201;0002;1;CLAVEL;1;BAJO INVERNADERO;5;,26;,26;30000;60000;BONCHE;2400;25;100; ;1;1;1;1;SI;,12; ; ; ;100; ; ;SI;NO; ; ; ; ; ; ;SI;10;QUINTAL; ; ; ; ; ; ;SI;NO; ; ;SI;12;LITRO;AZUL; ; ; ; ; ; ; ; ; ; ; ;CLAVEL; ; ;2400; ;TOTAL NACIONAL;83,2643100865293
05015101097610006;COTOPAXI;01;09761;0006;1;CLAVEL;1;BAJO INVERNADERO;2;,18;,18;1428;8568;BONCHE;308;25; ;100;1;1;1;1;SI;,18; ; ; ;100; ; ;SI;SI;12;QUINTAL; ; ; ; ;SI; ; ;108;KILOGRAMO;45;KILOGRAMO;201;KILOGRAMO;SI;SI;3;LITRO;SI; ; ; ;4;LITRO;VERDE;1;LIBRA;VERDE; ; ; ;1; ;CLAVEL; ; ;308; ;TOTAL NACIONAL;63,8275349660264
05015101097610006;COTOPAXI;01;09761;0006;2;ROSA;2;BAJO INVERNADERO;2;,3;,3;2856;34272;BONCHE;1234;25;100;0;1;1;1;1;SI;,3; ; ; ;100; ; ;SI;SI;24;QUINTAL; ; ; ; ;SI; ; ;108;KILOGRAMO;45;KILOGRAMO;10;QUINTAL;SI;SI;6;LITRO;SI; ; ; ;4;LITRO;VERDE;1;LIBRA;VERDE; ; ; ;2; ;ROSA; ; ;1234; ;TOTAL NACIONAL;49,6363270199718
05015101097610006;COTOPAXI;01;09761;0006;3;CLAVEL;3;BAJO INVERNADERO;2;,3;,3;2856;17136;BONCHE;617;25; ;100;1;1;1;1;SI;,3; ; ; ;100; ; ;SI;SI;24;QUINTAL; ; ; ; ;SI; ; ;108;KILOGRAMO;45;KILOGRAMO;10;QUINTAL;SI;SI;6;LITRO;SI; ; ; ;8;LITRO;VERDE;1;LIBRA;VERDE; ; ; ;2; ;CLAVEL; ; ;617; ;TOTAL NACIONAL;3,00493893139025
05015101097610006;COTOPAXI;01;09761;0006;4;CLAVEL;4;BAJO INVERNADERO;1;,5;,5;4284;25704;BONCHE;925;25; ;100;1;1;1;1;SI;,5; ; ; ;100; ; ;SI;SI;30;QUINTAL; ; ; ; ;SI; ; ;108;KILOGRAMO;45;KILOGRAMO;20;QUINTAL;SI;SI;10;LITRO;SI; ; ; ;8;LITRO;VERDE;1;LIBRA;VERDE; ; ; ;1; ;CLAVEL; ; ;925; ;TOTAL NACIONAL;55,5365355786869
05015101097610008;COTOPAXI;01;09761;0008;1;ROSA;1;BAJO INVERNADERO;1;,2;,2;10000;140000;BONCHE;5320;25;100; ;1;1;1;1;SI;,2; ; ; ;100; ; ;SI;NO; ; ; ; ; ; ;SI; ; ;2;KILOGRAMO; ; ;10;QUINTAL;SI;NO; ; ;SI; ; ; ;1;LITRO;VERDE;1;LITRO;VERDE;,5;LITRO;VERDE;2; ;ROSA; ; ;5320; ;TOTAL NACIONAL;78,8631965533842
05015101097610008;COTOPAXI;01;09761;0008;2;ROSA;2;BAJO INVERNADERO;0;,2; ;10000; ; ; ; ; ; ;1;1;1;1;SI;,2; ; ; ;100; ; ;SI;NO; ; ; ; ; ; ;SI; ; ;2;KILOGRAMO; ; ;10;QUINTAL;SI;NO; ; ;SI; ; ; ;1;LITRO;VERDE;1;LITRO;VERDE;,5;LITRO;VERDE;0; ;ROSA; ; ; ; ;TOTAL NACIONAL;88,6347315456058
05015101098240018;COTOPAXI;01;09824;0018;1;ROSA;1;BAJO INVERNADERO;7;,67;,67;55000;660000;FULL TABACO;1980;300; ;100;1;1;1;1;SI;,67; ; ; ;100; ; ;SI;SI; ; ;72;QUINTAL; ; ;SI; ; ;48;QUINTAL;48;QUINTAL;24;QUINTAL;SI;NO; ; ;SI; ; ; ;16;LITRO;VERDE; ; ; ;1;LITRO;AZUL; ; ;ROSA;1980; ; ; ;TOTAL NACIONAL;69,2291574050655
05015101098240018;COTOPAXI;01;09824;0018;2;ROSA;2;BAJO INVERNADERO;1;,6;,6;55000;660000;FULL TABACO;1980;300; ;100;1;1;1;1;SI;,6; ; ; ;100; ; ;SI;SI; ; ;72;QUINTAL; ; ;SI; ; ;18;QUINTAL;48;QUINTAL;24;QUINTAL;SI;NO; ; ;SI; ; ; ;16;LITRO;VERDE; ; ; ;1;LITRO;AZUL;0; ;ROSA;1980; ; ; ;TOTAL NACIONAL;65,8235163000156
05015101098240018;COTOPAXI;01;09824;0018;3;ROSA;4;BAJO INVERNADERO;7;,64;,64;55000;660000;FULL TABACO;1980;300; ;100;1;1;1;1;SI;,64; ; ; ;100; ; ;SI;SI; ; ;72;QUINTAL; ; ;SI; ; ;48;QUINTAL;48;QUINTAL;24;QUINTAL;SI;NO; ; ;SI; ; ; ;16;LITRO;VERDE; ; ; ;1;LITRO;AZUL; ; ;ROSA;1980; ; ; ;TOTAL NACIONAL;34,2168228683853
05065001098460010;COTOPAXI;01;09846;0010;1;CLAVEL;1;BAJO INVERNADERO;4;,12;,12;35000;152000;BONCHE;6080;25;1;99;1;1;1;1;SI;,12; ; ; ;100; ; ;SI;NO; ; ; ; ; ; ;SI; ; ;336;KILOGRAMO; ; ;144;KILOGRAMO;SI;NO; ; ;SI; ; ; ;3;LITRO;AMARILLO;6;LITRO;AZUL;1;LITRO;AMARILLO; ; ;CLAVEL; ; ;6080; ;TOTAL NACIONAL;83,4583403937219
05015101102830001;COTOPAXI;01;10283;0001;1;OTRAS FLORES PERMANENTES;3;BAJO INVERNADERO;6;,5;0;5000; ; ; ; ; ; ;1;1;1;1;SI;,5; ;100; ; ; ; ;SI;SI;20;QUINTAL; ; ;100;LITRO;SI;15;QUINTAL; ; ; ; ;8;QUINTAL;SI;SI;10;LITRO;SI;10;LITRO;AMARILLO;10;LITRO;AMARILLO; ; ; ; ; ; ; ; ;OTRAS FLORES PERMANENTES; ; ; ; ;TOTAL NACIONAL;15,0817226950652
05015101102830001;COTOPAXI;01;10283;0001;2;OTRAS FLORES PERMANENTES;4;BAJO INVERNADERO;6;,5; ;5000; ; ; ; ; ; ;1;1;1;1;SI;,5; ;100; ; ; ; ;SI;SI;20;QUINTAL; ; ;100;LITRO;SI;15;QUINTAL; ; ; ; ;8;QUINTAL;SI;SI;10;LITRO;SI;10;LITRO;AMARILLO;10;LITRO;AMARILLO; ; ; ; ; ; ; ; ;OTRAS FLORES PERMANENTES; ; ; ; ;TOTAL NACIONAL;11,8969261050078
05015801107710005;COTOPAXI;01;10771;0005;1;CLAVEL;1;BAJO INVERNADERO;10;,14;,14;3000;30000;BONCHE;1080;25;100; ;1;1;1;1;SI;,14; ; ; ;100; ; ;SI;SI;130;KILOGRAMO;150;KILOGRAMO; ; ;SI; ; ; ; ;2;LITRO; ; ;SI;NO; ; ;SI;1;LITRO;AMARILLO;2;LITRO;AMARILLO; ; ; ;1,5;LITRO;AMARILLO; ; ;CLAVEL; ; ;1080; ;TOTAL NACIONAL;64,4855507904185
05015101111270004;COTOPAXI;01;11127;0004;1;CLAVEL;1;BAJO INVERNADERO;2;,2;,2;30000;36000;BONCHE;1440;25;100; ;1;1;1;1;SI;,2; ; ; ;100; ; ;SI;NO; ; ; ; ; ; ;SI; ; ;960;KILOGRAMO; ; ; ; ;SI;NO; ; ;SI; ; ; ;6;LITRO;AMARILLO; ; ; ; ; ; ; ;1;CLAVEL; ; ;1440; ;TOTAL NACIONAL;40,6324771562075
05065201114360023;COTOPAXI;01;11436;0023;1;ROSA;1;BAJO INVERNADERO;2;,1;,1;9525;31200;BONCHE;1248;25;100; ;1;1;1;1;SI;,1; ; ; ;100; ; ;NO; ; ; ; ; ; ; ;NO; ; ; ; ; ; ; ; ;NO; ; ; ; ; ; ; ; ; ; ; ; ; ; ; ; ; ;1;ROSA; ; ;1248; ;TOTAL NACIONAL;1,64503956098006
05015001116420002;COTOPAXI;01;11642;0002;1;ROSA;2;BAJO INVERNADERO;3;,59;,59;40000;520000;BONCHE;18720;25;40;60;1;1;1;1;SI;,59; ; ; ;100; ; ;SI;SI; ; ; ; ;4;LITRO;SI; ; ;3;KILOGRAMO; ; ;15;KILOGRAMO;SI;NO; ; ;SI;1;LITRO;VERDE;1;LITRO;VERDE;1;LITRO;AZUL;,5;LITRO;AZUL;2;0;ROSA; ; ;18720; ;TOTAL NACIONAL;86,0327808366116
05015001116420005;COTOPAXI;01;11642;0005;1;CLAVEL;1;BAJO INVERNADERO;0;,37;,37;10000;120000;BONCHE;4224;25;10;90;1;1;1;1;SI;,37; ; ; ;100; ; ;SI;SI;20;KILOGRAMO; ;LIBRA;3;LITRO;SI;1;QUINTAL; ; ;2;KILOGRAMO;4;KILOGRAMO;SI;NO; ; ;SI;,5;LITRO;AMARILLO;1;LITRO;VERDE;,3;LITRO;VERDE;,5;LITRO;VERDE;1;0;CLAVEL; ; ;4224; ;TOTAL NACIONAL;52,8546764890027
05015001116420011;COTOPAXI;01;11642;0011;1;ROSA;1;BAJO INVERNADERO;5;1,15;1,15;25000;300000;TABACO;2450;120; ;100;1;1;1;1;SI;1,15; ; ; ;100; ; ;SI;NO; ; ; ; ; ; ;SI; ; ;500;KILOGRAMO;323,6;KILOGRAMO;660;KILOGRAMO;SI;NO; ; ;SI;75;KILOGRAMO;VERDE;48;KILOGRAMO;VERDE;6;KILOGRAMO;AZUL;4;KILOGRAMO;VERDE; ; ;ROSA; ;2450; ; ;TOTAL NACIONAL;46,0439420772402
05015001116420011;COTOPAXI;01;11642;0011;2;ROSA;2;BAJO INVERNADERO;5;1,14;1,14;15000;180000;TABACO;1470;120; ;100;1;1;1;1;SI;1,14; ; ; ;100; ; ;SI;NO; ; ; ; ; ; ;SI; ; ;490;KILOGRAMO;383;KILOGRAMO;660;KILOGRAMO;SI;NO; ; ;SI;75;KILOGRAMO;VERDE;48;KILOGRAMO;VERDE;6;KILOGRAMO;AZUL;4;KILOGRAMO;VERDE; ; ;ROSA; ;1470; ; ;TOTAL NACIONAL;40,5199218178247
05015001116420011;COTOPAXI;01;11642;0011;3;ROSA;3;BAJO INVERNADERO;5;1,2;1,2;50000;600000;TABACO;4900;120; ;100;1;1;1;1;SI;1,2; ; ; ;100; ; ;SI;NO; ; ; ; ; ; ;SI; ; ;500;KILOGRAMO;383;KILOGRAMO;670;KILOGRAMO;SI;NO; ; ;SI;75;KILOGRAMO;VERDE;48;KILOGRAMO;VERDE;6;KILOGRAMO;AZUL;4;KILOGRAMO;VERDE; ; ;ROSA; ;4900; ; ;TOTAL NACIONAL;3,33394684358626
05015001116420011;COTOPAXI;01;11642;0011;4;ROSA;4;BAJO INVERNADERO;5;1,09;1,09;15000;180000;TABACO;1470;120; ;100;1;1;1;1;SI;1,09; ; ; ;100; ; ;SI;NO; ; ; ; ; ; ;SI; ; ;480;KILOGRAMO;383;KILOGRAMO;650;KILOGRAMO;SI;NO; ; ;SI;70;KILOGRAMO;VERDE;48;KILOGRAMO;VERDE;6;KILOGRAMO;AZUL;4;KILOGRAMO;VERDE; ; ;ROSA; ;1470; ; ;TOTAL NACIONAL;4,1714581160999
05015801123530022;COTOPAXI;01;12353;0022;1;ROSA;1;BAJO INVERNADERO;1;,18;,18;20000;240000;BONCHE;9120;25;100; ;1;1;1;2;SI;,18; ; ; ;100; ; ;SI;SI;6;QUINTAL; ;LIBRA;1;LITRO;SI; ; ;,25;KILOGRAMO; ; ;,25;LIBRA;NO; ; ; ; ; ; ; ; ; ; ; ; ; ; ; ; ;2; ;ROSA; ; ;9120; ;TOTAL NACIONAL;60,9395766256392
05015001138180006;COTOPAXI;01;13818;0006;1;CLAVEL;2;BAJO INVERNADERO;0;,3; ;54000; ; ; ; ; ; ;1;1;1;1;SI;,3; ; ; ;100; ; ;NO; ; ; ; ; ; ; ;NO; ; ; ; ; ; ; ; ;NO; ; ; ; ; ; ; ; ; ; ; ; ; ; ; ; ; ; ;CLAVEL; ; ; ; ;TOTAL NACIONAL;62,2263631266725
05015001138180006;COTOPAXI;01;13818;0006;2;CLAVEL;3;BAJO INVERNADERO;0;,68; ;54000; ; ; ; ; ; ;1;1;1;1;SI;,68; ; ; ;100; ; ;NO; ; ; ; ; ; ; ;NO; ; ; ; ; ; ; ; ;NO; ; ; ; ; ; ; ; ; ; ; ; ; ; ; ; ; ; ;CLAVEL; ; ; ; ;TOTAL NACIONAL;66,5370118899936
05015001148590008;COTOPAXI;01;14859;0008;1;CLAVEL;6;BAJO INVERNADERO;2;,3;,3;54000;648000;BOUQUET;64800;10;100; ;1;1;1;1;SI;,3; ; ; ;100; ; ;SI;NO; ; ; ; ; ; ;SI;12;KILOGRAMO; ; ; ; ; ; ;SI;NO; ; ;SI; ; ; ;5;LITRO;AMARILLO; ; ; ; ; ; ; ;5;CLAVEL; ; ; ;64800;TOTAL NACIONAL;40,7311795298664
05015001148590008;COTOPAXI;01;14859;0008;2;CLAVEL;12;BAJO INVERNADERO;0;,3; ;54000; ; ; ; ; ; ;2;2;2;2;SI;,3; ; ; ;100; ; ;SI;NO; ; ; ; ; ; ;SI;12;KILOGRAMO; ; ; ; ; ; ;SI;NO; ; ;SI; ; ; ;5;LITRO;AMARILLO; ; ; ; ; ; ; ;5;CLAVEL; ; ; ; ;TOTAL NACIONAL;38,9326029431948
05045001161360001;COTOPAXI;01;16136;0001;1;ROSA;1;BAJO INVERNADERO;15;1,5;1,5;100000;180000;BONCHE;6624;25; ;100;1;1;1;1;SI;1,5; ; ; ;100; ; ;SI;NO; ; ; ; ; ; ;SI;25;KILOGRAMO;900;KILOGRAMO;825;KILOGRAMO;825;KILOGRAMO;SI;NO; ; ;SI; ; ; ;16,5;LITRO;VERDE;300;KILOGRAMO;VERDE;6;LITRO;VERDE; ; ;ROSA; ; ;6624; ;TOTAL NACIONAL;46,0479473909539
05045001161360001;COTOPAXI;01;16136;0001;2;ROSA;2;BAJO INVERNADERO;15;3;3;200000;360000;BONCHE;13248;25; ;100;1;1;1;1;SI;3; ; ; ;100; ; ;SI;NO; ; ; ; ; ; ;SI;50;KILOGRAMO;1800;KILOGRAMO;1650;KILOGRAMO;1650;KILOGRAMO;SI;NO; ; ;SI; ; ; ;33;LITRO;VERDE;600;LITRO;VERDE;12;LITRO;VERDE; ; ;ROSA; ; ;13248; ;TOTAL NACIONAL;13,6165407927523
05015201169560001;COTOPAXI;01;16956;0001;1;ROSA;1;BAJO INVERNADERO;11;,3;,3;60000;60000;BONCHE;2400;25;100; ;1;1;1;1;SI;,3; ; ; ;100; ; ;SI;SI; ; ;70; ; ; ;SI;60;LITRO; ; ; ; ; ; ;SI;NO; ; ;SI; ; ; ;20;LITRO;AMARILLO;20;LITRO;AMARILLO; ; ; ; ; ;ROSA; ; ;2400; ;TOTAL NACIONAL;56,4577577328358
05045001185460036;COTOPAXI;01;18546;0036;1;CLAVEL;2;BAJO INVERNADERO;0;,03;,03;10000;10000;BONCHE;392;25;15;85;1;1;1;1;SI;,03; ; ; ;100; ; ;SI;SI; ; ;1;LIBRA;1;LITRO;NO; ; ; ; ; ; ; ; ;NO; ; ; ; ; ; ; ; ; ; ; ; ; ; ; ; ; ; ;CLAVEL; ; ;392; ;TOTAL NACIONAL;133,35787374345
05055301213570013;COTOPAXI;01;21357;0013;1;ROSA;1;BAJO INVERNADERO;10;23;23;1200000;10800000;TABACO;57600;150; ;100;1;1;1;1;SI;23; ;50; ;50; ; ;SI;SI; ; ;200;LIBRA;100;LITRO;SI; ; ;19200;KILOGRAMO;16000;KILOGRAMO;10000;KILOGRAMO;SI;SI;21000;LITRO;SI; ; ; ;100;LITRO;VERDE;80;LITRO;AZUL; ; ; ; ; ;ROSA; ;57600; ; ;TOTAL NACIONAL;4,88905757523275
05055004001000001;COTOPAXI;04;00100;0001;1;ROSA;1;BAJO INVERNADERO;25;10,2;10,2;832000;1081600;BONCHE;36774;25;15;85;1;1;1;1;SI;10,2; ; ; ;100; ; ;SI;SI; ; ;66000;QUINTAL; ; ;SI; ; ;10200;KILOGRAMO;5610;KILOGRAMO;11220;KILOGRAMO;SI;SI;68;LITRO;SI; ; ; ;672;LITRO;AZUL;1120;LITRO;AZUL;560;LITRO;VERDE;20; ;ROSA; ; ;36774; ;TOTAL NACIONAL;0
05015162000990323;COTOPAXI;62;00099;0323;1;ROSA;1;BAJO INVERNADERO;10;1,5;1,5;13287500;15379260;BONCHE;132499;25;8;92;1;1;1;1;SI;1,5; ; ; ;100; ; ;SI;SI; ; ;2;TONELADA; ; ;SI; ; ;2;TONELADA;1;TONELADA;1;TONELADA;SI;SI;1;QUINTAL;SI; ; ; ;,5;QUINTAL;VERDE;,5;QUINTAL;VERDE;,5;QUINTAL;AMARILLO; ; ;ROSA; ; ;132499; ;TOTAL NACIONAL;1
05015663000993596;COTOPAXI;63;00099;3596;1;ROSA;1;BAJO INVERNADERO;15;9,5;9,5;800000;8000000;BONCHE;288000;25; ;100;1;1;1;1;SI;9,5; ; ; ;100; ; ;SI;SI; ; ;4000;TONELADA; ; ;SI;15;TONELADA;20;TONELADA;8;TONELADA;6;TONELADA;SI;SI;260;LITRO;SI; ; ; ;80;LITRO;AMARILLO;800;LITRO;AZUL;50;KILOGRAMO;AZUL;9; ;ROSA; ; ;288000; ;TOTAL NACIONAL;1
05015663000993597;COTOPAXI;63;00099;3597;1;ROSA;1;BAJO INVERNADERO;28;10,73;10,73;687407;9666000;FULL TABACO;30206;320; ;100;1;1;1;1;SI;10,73; ; ; ;100; ; ;SI;SI; ; ;2467;KILOGRAMO; ; ;SI; ; ;1140;KILOGRAMO;234;KILOGRAMO;2744;KILOGRAMO;SI;SI;8;LITRO;SI; ; ; ;732;LITRO;AZUL;356;LITRO;AZUL;349;LITRO;AZUL; ; ;ROSA;30206; ; ; ;TOTAL NACIONAL;1
05015963000993601;COTOPAXI;63;00099;3601;1;ROSA;1;BAJO INVERNADERO;16;12,2;12,2;920000;9000000;FULL TABACO;360000;25;10;90;1;1;1;1;SI;12,2; ; ; ;100; ; ;SI;SI; ; ; ; ;2400;LITRO;SI; ; ;36000;KILOGRAMO;960;KILOGRAMO; ; ;SI;SI;960;LITRO;SI; ; ; ;630;LITRO;AZUL;1400;LITRO;VERDE; ; ; ; ; ;ROSA;360000; ; ; ;TOTAL NACIONAL;1
05015963000993602;COTOPAXI;63;00099;3602;1;ROSA;1;BAJO INVERNADERO;3;4;4;256000;2400000;BONCHE;86400;25;10;90;1;1;1;1;SI;4; ; ; ;100; ; ;SI;SI; ; ; ; ;240000;LITRO;SI; ; ;16000;KILOGRAMO; ; ; ; ;SI;NO; ; ;SI; ; ; ;40;LITRO;AZUL; ; ; ; ; ; ; ; ;ROSA; ; ;86400; ;TOTAL NACIONAL;1
05015963000993602;COTOPAXI;63;00099;3602;2;ROSA;2;BAJO INVERNADERO;5;4;4;254000;2400000;BONCHE;86400;25;10;90;1;1;1;1;SI;4; ; ; ;100; ; ;SI;SI; ; ; ; ;240000;LITRO;SI; ; ;16000;KILOGRAMO; ; ; ; ;SI;NO; ; ;SI; ; ; ;40;LITRO;AZUL; ; ; ; ; ; ; ; ;ROSA; ; ;86400; ;TOTAL NACIONAL;1
05015963000993602;COTOPAXI;63;00099;3602;3;ROSA;3;BAJO INVERNADERO;7;7;7;448000;4200000;BONCHE;151200;25;10;90;1;1;1;1;SI;7; ; ; ;100; ; ;SI;SI; ; ; ; ;420000;LITRO;SI; ; ;28000;KILOGRAMO; ; ; ; ;SI;NO; ; ;SI; ; ; ;70;LITRO;AZUL; ; ; ; ; ; ; ; ;ROSA; ; ;151200; ;TOTAL NACIONAL;1
05015163000993612;COTOPAXI;63;00099;3612;1;ROSA;1;BAJO INVERNADERO;12;18;18;1450000;13050000;FULL TABACO;46458;250;5;95;1;1;1;1;SI;18; ; ; ;100; ; ;SI;NO; ; ; ; ; ; ;SI; ; ;15000;KILOGRAMO;18000;KILOGRAMO;38800;KILOGRAMO;SI;SI;1500;LITRO;SI; ; ; ;235;LITRO;AZUL;445;LITRO;AZUL; ; ; ; ; ;ROSA;46458; ; ; ;TOTAL NACIONAL;1
05015963000993624;COTOPAXI;63;00099;3624;1;ROSA;1;BAJO INVERNADERO;7;10,04;10,04;7800000;39000000;BONCHE;1140400;25; ;100;1;1;1;1;SI;10,04; ;100; ; ; ; ;SI;NO; ; ; ; ; ; ;SI;40;TONELADA;67;KILOGRAMO;578;KILOGRAMO;578;KILOGRAMO;SI;SI;638;KILOGRAMO;SI; ; ; ;938;LITRO;AZUL;938;LITRO;AMARILLO;938;LITRO;VERDE; ; ;ROSA; ; ;1140400; ;TOTAL NACIONAL;1
05015963000993625;COTOPAXI;63;00099;3625;1;ROSA;1;BAJO INVERNADERO;15;14;14;10000000;7700000;BONCHE;300000;20; ;100;1;1;1;1;SI;14; ;100; ; ; ; ;SI;NO; ; ; ; ; ; ;SI; ; ;48;TONELADA;1800;KILOGRAMO;36;TONELADA;SI;NO; ; ;SI;2;KILOGRAMO;AZUL;816;LITRO;AMARILLO;360;KILOGRAMO;AZUL;360;LITRO;AZUL; ; ;ROSA; ; ;300000; ;TOTAL NACIONAL;1
05016163000993628;COTOPAXI;63;00099;3628;1;ROSA;1;BAJO INVERNADERO;15;10;10;781008;11300000;BONCHE;424880;25;6;94;1;1;1;1;SI;10; ; ; ;100; ; ;SI;SI; ; ;700;QUINTAL; ; ;SI; ; ;610;QUINTAL;300;QUINTAL;700;QUINTAL;SI;NO; ; ;SI; ; ; ;950;LITRO;VERDE;1000;KILOGRAMO;AZUL;200;LITRO;AZUL;10; ;ROSA; ; ;424880; ;TOTAL NACIONAL;1
05016163000993630;COTOPAXI;63;00099;3630;1;ROSA;1;BAJO INVERNADERO;32;16,62;16,62;1109000;4436000;FULL TABACO;13169;320;0;100;1;1;1;1;SI;16,62; ; ; ;100; ; ;SI;SI; ; ;3822;KILOGRAMO; ; ;SI;1092;KILOGRAMO;5268;KILOGRAMO;144;KILOGRAMO;744;KILOGRAMO;SI;SI;2094;KILOGRAMO;SI; ; ; ;1146,78;KILOGRAMO;AZUL;362,3;KILOGRAMO;AZUL;578,3;KILOGRAMO;AZUL; ; ;ROSA;13169; ; ; ;TOTAL NACIONAL;1
05016163000993631;COTOPAXI;63;00099;3631;1;ROSA;2;BAJO INVERNADERO;4;10;10;730000;7409500;TABACO;27267;250;5;95;1;1;1;1;SI;10; ; ; ;100; ; ;SI;SI; ; ;1700;QUINTAL; ; ;SI; ; ;8000;KILOGRAMO;7100;KILOGRAMO;12000;KILOGRAMO;SI;NO; ; ;SI; ; ; ;220;LITRO;VERDE;420;LITRO;VERDE;50;LITRO;VERDE; ; ;ROSA; ;27267; ; ;TOTAL NACIONAL;1
05016263000993632;COTOPAXI;63;00099;3632;1;ROSA;1;BAJO INVERNADERO;7;9,3;9,3;685000;7230000;TABACO;44826;150;7;93;1;1;1;1;SI;9,3; ; ; ;100; ; ;SI;SI; ; ;42;TONELADA; ; ;SI; ; ;70200;KILOGRAMO;8000;KILOGRAMO; ; ;SI;NO; ; ;SI; ; ; ;220;LITRO;AZUL;1250;LITRO;AZUL;800;LITRO;AZUL; ; ;ROSA; ;44826; ; ;TOTAL NACIONAL;1
05015663000993634;COTOPAXI;63;00099;3634;1;ROSA;1;BAJO INVERNADERO;31;8,05;8,05;551101;7245000;FULL TABACO;22640;320;8;92;1;1;1;1;SI;8,05; ; ; ;100; ; ;SI;SI; ; ;1851;LIBRA; ; ;SI; ; ;2364;KILOGRAMO;98;KILOGRAMO;372;KILOGRAMO;SI;SI;1500;LITRO;SI; ; ; ;674;LITRO;ROJO;193,9;LITRO;AZUL;393;LITRO;AZUL; ; ;ROSA;22640; ; ; ;TOTAL NACIONAL;1
05016163000993635;COTOPAXI;63;00099;3635;1;ROSA;1;BAJO INVERNADERO;24;10,12;10,12;80000;960000;FULL TABACO;2760;320;0;100;1;1;1;1;SI;10,12; ; ; ;100; ; ;SI;SI; ; ;2500;QUINTAL; ; ;SI; ; ;2930;KILOGRAMO; ; ;1265;KILOGRAMO;SI;SI;1406;KILOGRAMO;SI; ; ; ;769;LITRO;VERDE;242,8;KILOGRAMO;VERDE;387,5;LITRO;VERDE; ; ;ROSA;2760; ; ; ;TOTAL NACIONAL;1
05016163000993635;COTOPAXI;63;00099;3635;2;CARTUCHO - CALA;2;BAJO INVERNADERO;8;,88;,88;25000;275000;FULL TABACO;773;320;0;100;1;2;1;2;SI;,88; ; ; ;100; ; ;SI;SI; ; ;500;QUINTAL; ; ;SI; ; ;45;KILOGRAMO; ; ;130;KILOGRAMO;SI;NO; ; ;SI; ; ; ;30;LITRO;VERDE;120;LITRO;VERDE;10;LITRO;VERDE; ; ;OTRAS FLORES PERMANENTES;773; ; ; ;TOTAL NACIONAL;1
05016163000993636;COTOPAXI;63;00099;3636;1;ROSA;1;BAJO INVERNADERO;30;15,12;15,12;1043613;13608000;FULL TABACO;39123;320; ;100;1;1;1;1;SI;15,12; ; ; ;100; ; ;SI;SI; ; ;3448;QUINTAL; ; ;SI; ; ;3854;KILOGRAMO;684;KILOGRAMO;125;KILOGRAMO;SI;SI;1900;LITRO;SI; ; ; ;1160;LITRO;VERDE;360,7;KILOGRAMO;VERDE;574,9;LITRO;VERDE; ; ;ROSA;39123; ; ; ;TOTAL NACIONAL;1
05016163000993637;COTOPAXI;63;00099;3637;1;ROSA;1;BAJO INVERNADERO;24;9,6;9,6;737446;8640000;FULL TABACO;24840;320; ;100;1;1;1;1;SI;9,6; ; ; ;100; ; ;SI;SI; ; ;2478;QUINTAL; ; ;SI; ; ;2819;KILOGRAMO;358;KILOGRAMO;1227;KILOGRAMO;SI;SI;1336;KILOGRAMO;SI; ; ; ;729;LITRO;VERDE;230,3;KILOGRAMO;VERDE;344,4;LITRO;VERDE; ; ;ROSA;24840; ; ; ;TOTAL NACIONAL;1
05015663000993638;COTOPAXI;63;00099;3638;1;ROSA;1;BAJO INVERNADERO;10;19,46;19,46;1390000;15500000;BONCHE;480000;25;2;98;1;1;1;1;SI;19,46; ; ; ;100; ; ;SI;SI; ; ;10;TONELADA; ; ;SI; ; ;5500;KILOGRAMO;1600;KILOGRAMO;5500;KILOGRAMO;SI;NO; ; ;SI; ; ; ;1700;KILOGRAMO;AZUL;340;KILOGRAMO;AZUL;720;KILOGRAMO;AZUL; ; ;ROSA; ; ;480000; ;TOTAL NACIONAL;1
05015663000993639;COTOPAXI;63;00099;3639;1;ROSA;1;BAJO INVERNADERO;27;14,74;14,74;1322783;15984416;TABACO;95611;150;10;90;1;1;1;1;SI;14,74; ; ; ;100; ; ;SI;SI; ; ;2356;TONELADA; ; ;SI; ; ;176894;KILOGRAMO; ; ; ; ;SI;NO; ; ;SI; ; ; ;41;KILOGRAMO;AMARILLO;1099;KILOGRAMO;AMARILLO;228,59;LITRO;AZUL;48; ;ROSA; ;95611; ; ;TOTAL NACIONAL;1
05016163000993642;COTOPAXI;63;00099;3642;1;ROSA;1;BAJO INVERNADERO;10;20,11;20,11;932267;14730000;BONCHE;553848;25;6;94;1;1;1;1;SI;20,11; ; ; ;100; ; ;SI;SI; ; ;1427,8;QUINTAL; ; ;SI; ; ;1367;QUINTAL;643;QUINTAL;1408;QUINTAL;SI;NO; ; ;SI; ; ; ;1810;LITRO;VERDE;210;LITRO;AZUL;420;LITRO;AZUL;20; ;ROSA; ; ;553848; ;TOTAL NACIONAL;1
05015963000993643;COTOPAXI;63;00099;3643;1;ROSA;1;BAJO INVERNADERO;5;4,5;4,5;342000;1368000;TABACO;53784;25;2;98;1;1;1;1;SI;4,5; ; ; ;100; ; ;SI;SI;14;TONELADA; ; ; ; ;SI;600;KILOGRAMO;110;KILOGRAMO;600;KILOGRAMO;1200;KILOGRAMO;SI;SI;120;LIBRA;SI; ; ; ;256;LITRO;AMARILLO;256;LITRO;AMARILLO; ; ; ; ; ;ROSA; ;53784; ; ;TOTAL NACIONAL;1
05015663000993644;COTOPAXI;63;00099;3644;1;ROSA;1;BAJO INVERNADERO;7;15;15;1300000;12500000;FULL TABACO;39583;300;5;95;1;1;1;1;SI;15; ; ; ;100; ; ;SI;SI; ; ;200;TONELADA;3000;LITRO;SI; ; ;20;TONELADA;15;TONELADA;80;TONELADA;SI;NO; ; ;SI; ; ; ;500;LITRO;AZUL;100;LITRO;AMARILLO;70;LITRO;AMARILLO; ; ;ROSA;39583; ; ; ;TOTAL NACIONAL;1
05015963000993645;COTOPAXI;63;00099;3645;1;ROSA;1;BAJO INVERNADERO;15;5,5;5,5;450000;4200000;FULL TABACO;13300;300;2;98;1;1;1;1;SI;5,5; ; ; ;100; ; ;SI;SI;4;TONELADA; ; ; ; ;SI;10;TONELADA;13;TONELADA;4;TONELADA;4;TONELADA;SI;NO; ; ;SI; ; ; ;38;LITRO;AMARILLO;500;LITRO;AMARILLO;40;LITRO;AZUL; ; ;ROSA;13300; ; ; ;TOTAL NACIONAL;1
05015063000993646;COTOPAXI;63;00099;3646;1;ROSA;2;BAJO INVERNADERO;5;,2;,2;18000;54000;BONCHE;2160;25;40;60;1;1;1;1;SI;,2; ; ; ;100; ; ;SI;SI; ; ; ; ;400;LITRO;SI;8;QUINTAL;2;QUINTAL;3;QUINTAL;1;QUINTAL;SI;NO; ; ;SI;2;LITRO;VERDE;4;LITRO;VERDE;6;LITRO;VERDE;3;LITRO;VERDE;2;2;ROSA; ; ;2160; ;TOTAL NACIONAL;1
05015163000993647;COTOPAXI;63;00099;3647;1;ROSA;2;BAJO INVERNADERO;17;1;1;80000;800000;TABACO;2930;250;6;94;1;1;1;1;SI;1; ; ; ;100; ; ;SI;SI;5;TONELADA;2,5;KILOGRAMO;380;LITRO;SI;610;KILOGRAMO;7200;KILOGRAMO;450;KILOGRAMO;500;KILOGRAMO;SI;SI;25;LITRO;SI;12;LITRO;AZUL;55;LITRO;AZUL;155;LITRO;VERDE;37;LITRO;AZUL;0;0;ROSA; ;2930; ; ;TOTAL NACIONAL;1
05015663000993648;COTOPAXI;63;00099;3648;1;ROSA;1;BAJO INVERNADERO;5;5,2;5,2;434841;4357791;TABACO;27599;150;5;95;1;1;1;1;SI;5,2; ; ; ;100; ; ;SI;SI; ; ;1504;TONELADA; ; ;SI;10;TONELADA;12;TONELADA;4;TONELADA;3;TONELADA;SI;NO; ; ;SI; ; ; ;40;LITRO;AMARILLO;52;LITRO;AMARILLO;70;LITRO;AZUL; ; ;ROSA; ;27599; ; ;TOTAL NACIONAL;1
05055363000993649;COTOPAXI;63;00099;3649;1;ROSA;1;BAJO INVERNADERO;12;37;37;2653276;35000000;TABACO;128800;250;8;92;1;1;1;1;SI;37; ; ; ;100; ; ;SI;SI; ; ;8009;QUINTAL; ; ;SI; ; ;99553;KILOGRAMO;69637;KILOGRAMO;29865;KILOGRAMO;SI;SI;2760;LITRO;SI; ; ; ;800;LITRO;VERDE;1332;KILOGRAMO;AMARILLO;530;LITRO;AZUL;120;0;ROSA; ;128800; ; ;TOTAL NACIONAL;1
05015163000993651;COTOPAXI;63;00099;3651;1;ROSA;1;BAJO INVERNADERO;9;12,5;12,5;1030000;9250000;FULL TABACO;33670;250;5;95;2;2;1;1;SI;12,5; ; ; ;100; ; ;SI;NO; ; ; ; ; ; ;SI; ; ;103200;KILOGRAMO;12450;KILOGRAMO;27000;KILOGRAMO;SI;SI;1100;LITRO;SI; ; ; ;160;LITRO;AZUL;310;LITRO;AZUL; ; ; ; ; ;ROSA;33670; ; ; ;TOTAL NACIONAL;1
05016163000993652;COTOPAXI;63;00099;3652;1;ROSA;1;BAJO INVERNADERO;5;2,5;2,5;187000;1954150;TABACO;7520;250;5;95;1;1;1;1;SI;2,5; ; ; ;100; ; ;SI;SI; ; ;410;QUINTAL; ; ;SI; ; ;3680;KILOGRAMO;3190;KILOGRAMO;5350;KILOGRAMO;SI;NO; ; ;SI; ; ; ;98,5;LITRO;VERDE;183,5;LITRO;AZUL;26;LITRO;VERDE; ; ;ROSA; ;7520; ; ;TOTAL NACIONAL;1
05015163000993656;COTOPAXI;63;00099;3656;1;ROSA;1;BAJO INVERNADERO;20;13,14;13,14;960000;13000000;BONCHE;520000;25;3;97;1;1;1;1;SI;13,14; ; ;99;1; ; ;SI;SI;18400;KILOGRAMO;39282;KILOGRAMO; ; ;SI; ; ;9660;KILOGRAMO;1693;KILOGRAMO;37080;KILOGRAMO;SI;SI;2;KILOGRAMO;SI; ; ; ;273;KILOGRAMO;AZUL;256;KILOGRAMO;AMARILLO;100,78;KILOGRAMO;AZUL; ; ;ROSA; ; ;520000; ;TOTAL NACIONAL;1
05015163000993657;COTOPAXI;63;00099;3657;1;ROSA;1;BAJO INVERNADERO;3;5;5;400000;3600000;BONCHE;136800;25;5;95;1;1;1;1;SI;5; ; ; ;100; ; ;SI;SI; ; ;1500;QUINTAL; ; ;SI; ; ;182;QUINTAL; ; ;55;QUINTAL;SI;NO; ; ;SI; ; ; ;288;LITRO;AZUL;356;LITRO;AZUL;144;LITRO;VERDE; ; ;ROSA; ; ;136800; ;TOTAL NACIONAL;1
05016163000993659;COTOPAXI;63;00099;3659;1;ROSA;1;BAJO INVERNADERO;30;7,2;7,2;580000;6500000;BONCHE;231400;25;11;89;1;1;1;1;SI;7,2; ; ; ;100; ; ;SI;SI; ; ; ; ;500;LITRO;SI; ; ;20800;KILOGRAMO;6800;KILOGRAMO;20800;KILOGRAMO;SI;SI;200;LITRO;SI;75,7;LITRO;AMARILLO;325;KILOGRAMO;AMARILLO;400;KILOGRAMO;AZUL;200;LITRO;AZUL; ; ;ROSA; ; ;231400; ;TOTAL NACIONAL;1
05015663000993678;COTOPAXI;63;00099;3678;1;ROSA;1;BAJO INVERNADERO;34;62,28;62,28;4800000;56000000;BONCHE;2105600;25; ;100;1;1;1;1;SI;62,28; ; ; ;100; ; ;SI;SI; ; ;13502;KILOGRAMO; ; ;SI; ; ;49200;KILOGRAMO;27120;KILOGRAMO;200160;KILOGRAMO;SI;NO; ; ;SI; ; ; ;4248;LITRO;VERDE;1416;KILOGRAMO;VERDE;1764;LITRO;VERDE; ; ;ROSA; ; ;2105600; ;TOTAL NACIONAL;1
05015663000993679;COTOPAXI;63;00099;3679;1;ROSA;1;BAJO INVERNADERO;10;10,3;10,3;1000000;9600000;FULL TABACO;30400;300;10;90;1;1;1;1;SI;10,3; ; ; ;100; ; ;SI;SI;10;TONELADA;130;TONELADA;4000;LITRO;SI; ; ;17;TONELADA;6;TONELADA;60;TONELADA;SI;NO; ; ;SI; ; ; ;430;LITRO;AMARILLO;210;LITRO;AMARILLO;60;LITRO;AZUL; ; ;ROSA;30400; ; ; ;TOTAL NACIONAL;1
05055063000993681;COTOPAXI;63;00099;3681;1;ROSA;1;BAJO INVERNADERO;3;,5;,35;35000;192000;BONCHE;7296;25;100; ;1;1;1;1;SI;,5; ; ; ;100; ; ;SI;SI; ; ;6;TONELADA;960;LITRO;SI; ; ;300;LIBRA;100;KILOGRAMO;800;KILOGRAMO;SI;NO; ; ;SI; ; ; ;12;LITRO;VERDE;36;LITRO;VERDE;2;LITRO;VERDE; ; ;ROSA; ; ;7296; ;TOTAL NACIONAL;1
05015363000993682;COTOPAXI;63;00099;3682;1;ROSA;1;BAJO INVERNADERO;30;14;14;869172;8344000;TABACO;21456;350;10;90;1;1;1;1;SI;14; ; ; ;100; ; ;SI;SI; ; ;46200;KILOGRAMO; ; ;SI; ; ;11550;KILOGRAMO;4508;KILOGRAMO;16800;KILOGRAMO;SI;SI;1260;LITRO;SI; ; ; ;560;LITRO;VERDE;840;LITRO;VERDE;560;LITRO;VERDE; ; ;ROSA; ;21456; ; ;TOTAL NACIONAL;1
05016163000993684;COTOPAXI;63;00099;3684;1;ROSA;1;BAJO INVERNADERO;26;22,11;22,11;11672000;19899000;FULL TABACO;57065;320;0;100;1;1;1;1;SI;22,11; ; ; ;100; ; ;SI;SI; ; ;5085;QUINTAL; ; ;SI; ; ;5907;KILOGRAMO;751;KILOGRAMO;2506;KILOGRAMO;SI;SI;2800;KILOGRAMO;SI; ; ; ;1544;LITRO;VERDE;483,6;KILOGRAMO;VERDE;770,8;LITRO;VERDE; ; ;ROSA;57065; ; ; ;TOTAL NACIONAL;1
05015463000993685;COTOPAXI;63;00099;3685;1;ROSA;1;BAJO INVERNADERO;14;,35;,35;23000;216000;TABACO;880;150;30;70;1;1;1;1;SI;,35; ;80; ;20; ; ;SI;SI;12;QUINTAL; ; ; ; ;SI;24;QUINTAL; ; ; ; ; ; ;SI;SI;16;LITRO;SI; ; ; ;4;LITRO;AMARILLO; ; ; ; ; ; ;2; ;ROSA; ;880; ; ;TOTAL NACIONAL;1
05015663000993689;COTOPAXI;63;00099;3689;1;ROSA;1;BAJO INVERNADERO;22;8;8;600000;6000000;FULL TABACO;9500;600;5;95;1;1;1;1;SI;8; ; ; ;100; ; ;SI;SI; ; ;200;TONELADA; ; ;SI;12;TONELADA;15;TONELADA;6;TONELADA;5;TONELADA;SI;NO; ; ;SI; ; ; ;46;LITRO;AMARILLO;670;LITRO;AMARILLO;30;LITRO;AZUL; ; ;ROSA;9500; ; ; ;TOTAL NACIONAL;1
05016163000993713;COTOPAXI;63;00099;3713;1;ROSA;1;BAJO INVERNADERO;5;13,13;13,13;937576;11636168;TABACO;69041;150;10;90;1;1;1;1;SI;13,13; ; ;100; ; ; ;SI;SI;138376,04;KILOGRAMO; ; ; ; ;SI; ; ;53856,59;LITRO; ; ; ; ;SI;NO; ; ;SI; ; ; ;131,3;LITRO;VERDE; ; ; ; ; ; ; ; ;ROSA; ;69041; ; ;TOTAL NACIONAL;1
05015663000993714;COTOPAXI;63;00099;3714;1;ROSA;1;BAJO INVERNADERO;27;9,14;9,14;616467;8226000;FULL TABACO;25706;320;2;98;1;1;1;1;SI;9,14; ; ; ;100; ; ;SI;SI; ; ;2102,2;KILOGRAMO; ; ;SI; ; ;3036;KILOGRAMO; ; ;156;KILOGRAMO;SI;NO; ; ;SI; ; ; ;756;LITRO;AZUL;266;LITRO;AZUL;564;LITRO;AZUL; ; ;ROSA;25706; ; ; ;TOTAL NACIONAL;1
05015963000993715;COTOPAXI;63;00099;3715;1;ROSA;1;BAJO INVERNADERO;10;12,5;12,5;820000;5740000;TABACO;36353;150;12;88;1;1;1;1;SI;12,5; ;100; ; ; ; ;SI;SI;4;TONELADA;1,7;TONELADA; ; ;SI;8;TONELADA;45;TONELADA;4;TONELADA;17;TONELADA;SI;NO; ; ;SI; ; ; ;211;LITRO;AMARILLO;5;QUINTAL;AZUL;200;LITRO;AZUL;30; ;ROSA; ;36353; ; ;TOTAL NACIONAL;1
05015963000993716;COTOPAXI;63;00099;3716;1;ROSA;1;BAJO INVERNADERO;15;18,05;18,05;750000;1350000;BONCHE;53700;25; ;100;1;1;1;1;SI;18,05; ;100; ; ; ; ;SI;SI; ; ;15;TONELADA; ; ;SI; ; ;120;KILOGRAMO;720;KILOGRAMO;730;KILOGRAMO;SI;SI;810;KILOGRAMO;SI; ; ; ;2300;LITRO;AZUL;2300;LITRO;AMARILLO;1150;LITRO;VERDE;2; ;ROSA; ; ;53700; ;TOTAL NACIONAL;1
05055063000993717;COTOPAXI;63;00099;3717;1;ROSA;1;BAJO INVERNADERO;25;10,2;10,2;832000;1081600;BONCHE;36774;25;15;85;1;1;1;1;SI;10,2; ; ; ;100; ; ;SI;SI; ; ;16000;QUINTAL; ; ;SI; ; ;10200;KILOGRAMO;3610;KILOGRAMO;11220;KILOGRAMO;SI;SI;68;LITRO;SI; ; ; ;672;LITRO;AZUL;1120;LITRO;AZUL;560;LITRO;VERDE;20; ;ROSA; ; ;36774; ;TOTAL NACIONAL;1
05015163000993776;COTOPAXI;63;00099;3776;1;ROSA;1;BAJO INVERNADERO;20;9,5;9,5;785000;7065000;FULL TABACO;25434;250;5;95;1;1;1;1;SI;9,5; ; ; ;100; ; ;SI;NO; ; ; ; ; ; ;SI; ; ;114000;KILOGRAMO;13680;KILOGRAMO;29500;KILOGRAMO;SI;SI;1100;LITRO;SI; ; ; ;180;LITRO;AZUL;340;LITRO;AZUL; ; ; ; ; ;ROSA;25434; ; ; ;TOTAL NACIONAL;1
05015063000993778;COTOPAXI;63;00099;3778;1;ROSA;1;BAJO INVERNADERO;10;14,6;14,6;873292;13000000;BONCHE;488800;25;6;94;1;1;1;1;SI;14,6; ; ; ;100; ; ;SI;SI; ; ;1036;QUINTAL; ; ;SI; ; ;992;QUINTAL;467;QUINTAL;1100;KILOGRAMO;SI;NO; ; ;SI; ; ; ;1346;LITRO;VERDE;1580;LITRO;AZUL;290;LITRO;AZUL;20; ;ROSA; ; ;488800; ;TOTAL NACIONAL;1
05015363000993783;COTOPAXI;63;00099;3783;1;ROSA;1;BAJO INVERNADERO;7;12,72;12,72;1365398;11999412;TABACO;70397;150;12;88;1;1;1;1;SI;12,72; ; ; ;100; ; ;SI;SI; ; ;2220;KILOGRAMO; ; ;SI;176894;KILOGRAMO; ; ; ; ; ; ;SI;NO; ; ;SI; ; ; ;41;KILOGRAMO;AMARILLO;1099;KILOGRAMO;AMARILLO;228;LITRO;AMARILLO;82; ;ROSA; ;70397; ; ;TOTAL NACIONAL;1
05015463000993784;COTOPAXI;63;00099;3784;1;ROSA;1;BAJO INVERNADERO;14;9,3;9,3;600000;9000000;BONCHE;31280;250;8;92;1;1;1;1;SI;9,3; ; ; ;100; ; ;SI;SI; ; ;400;TONELADA; ; ;SI; ; ;60000;KILOGRAMO;5000;KILOGRAMO;1000;KILOGRAMO;SI;NO; ; ;SI; ; ; ;250;LITRO;VERDE;250;LITRO;VERDE;150;LITRO;VERDE; ; ;ROSA; ; ;31280; ;TOTAL NACIONAL;1
05015663000993844;COTOPAXI;63;00099;3844;1;ROSA;1;BAJO INVERNADERO;29;13,4;13,4;15146100;89903096;BONCHE;26000;25;11;89;1;1;1;1;SI;13,4; ;100; ; ; ; ;SI;SI; ; ;120;TONELADA; ; ;SI; ; ;100;TONELADA;5;TONELADA;48;TONELADA;SI;SI;40;TONELADA;SI; ; ; ;300;KILOGRAMO;AZUL;2000;LITRO;VERDE;200;LITRO;VERDE;5; ;ROSA; ; ;26000; ;TOTAL NACIONAL;1
05015663000993845;COTOPAXI;63;00099;3845;1;ROSA;1;BAJO INVERNADERO;14;4;4;369401;1901789;TABACO;6022;300; ;100;1;1;1;1;SI;4; ; ; ;100; ; ;SI;SI; ; ;1;TONELADA;100;LITRO;SI;6000;KILOGRAMO;1;QUINTAL; ; ;1;QUINTAL;SI;NO; ; ;SI; ; ; ;180;LITRO;VERDE;160;LITRO;VERDE;145;LITRO;VERDE; ; ;ROSA; ;6022; ; ;TOTAL NACIONAL;1
05015163000993847;COTOPAXI;63;00099;3847;1;ROSA;1;BAJO INVERNADERO;0;4,5;0;40500; ; ; ; ;0;0;1;1;1;1;SI;4,5; ; ; ;100; ; ;SI;NO; ; ; ; ; ; ;SI; ; ;539;QUINTAL;55;QUINTAL;916;QUINTAL;SI;NO; ; ;SI; ; ; ;150;LITRO;VERDE;300;LITRO;AZUL;75;LITRO;AMARILLO; ; ;ROSA; ; ; ; ;TOTAL NACIONAL;1
05015963000993958;COTOPAXI;63;00099;3958;1;ROSA;1;BAJO INVERNADERO;16;36,03;36,03;25000000;50000000;BONCHE;1800000;25; ;100;1;1;1;1;SI;36,03; ;100; ; ; ; ;SI;NO; ; ; ; ; ; ;SI;140;TONELADA;35600;KILOGRAMO;35600;KILOGRAMO;9700;KILOGRAMO;SI;SI;1658;KILOGRAMO;SI; ; ; ;499,2;LITRO;AZUL;499,2;KILOGRAMO;AMARILLO;243,88;KILOGRAMO;VERDE;4; ;ROSA; ; ;1800000; ;TOTAL NACIONAL;1
05015463000993959;COTOPAXI;63;00099;3959;1;ROSA;1;BAJO INVERNADERO;19;4,5;4,5;240000;1500000;TABACO;5400;250;10;90;1;1;1;1;SI;4,5; ; ; ;100; ; ;SI;SI; ; ; ; ;9600;LITRO;NO; ; ; ; ; ; ; ; ;SI;NO; ; ;SI; ; ; ;72;LITRO;VERDE;90;LITRO;VERDE;3;LITRO;VERDE;7; ;ROSA; ;5400; ; ;TOTAL NACIONAL;1
05015163000993960;COTOPAXI;63;00099;3960;1;CARTUCHO - CALA;1;CAMPO ABIERTO;9;2;2;8200;54900;BOUQUET;8860;5;100; ;1;1;1;1;SI;2; ; ; ;100; ; ;SI;SI;2;QUINTAL; ; ;2600;LITRO;SI; ; ;25;QUINTAL; ; ;6;QUINTAL;SI;SI;48;LITRO;NO; ; ; ; ; ; ; ; ; ; ; ; ; ; ;OTRAS FLORES PERMANENTES; ; ; ;8860;TOTAL NACIONAL;1
05015163000993960;COTOPAXI;63;00099;3960;2;OTRAS FLORES PERMANENTES;2;BAJO INVERNADERO;2;,5;,1;800;800;BOUQUET;260;2;100; ;2;1;1;2;SI;,5; ; ; ;100; ; ;SI;SI;1,5;QUINTAL; ; ;625;LITRO;SI; ; ;9;QUINTAL; ; ; ; ;SI;SI;16;LITRO;NO; ; ; ; ; ; ; ; ; ; ; ; ; ; ;OTRAS FLORES PERMANENTES; ; ; ;260;TOTAL NACIONAL;1
05015163000993961;COTOPAXI;63;00099;3961;1;CLAVEL;1;BAJO INVERNADERO;1;8;4;2200000;15000000;BONCHE;570000;25;10;90;1;1;1;1;SI;8; ; ; ;100; ; ;SI;SI; ; ;34500;KILOGRAMO;50000;LITRO;SI; ; ;13584;KILOGRAMO;2773;KILOGRAMO;18720;KILOGRAMO;SI;NO; ; ;SI; ; ; ;300;LITRO;AZUL;400;LITRO;AMARILLO;200;LITRO;AZUL; ; ;CLAVEL; ; ;570000; ;TOTAL NACIONAL;1
05015163000993962;COTOPAXI;63;00099;3962;1;ROSA;1;BAJO INVERNADERO;6;9,5;9,5;924419;7707192;TABACO;24406;300;0;100;1;1;1;1;SI;9,5; ; ; ;100; ; ;SI;SI; ; ;5;TONELADA;2400;LITRO;SI;36000;KILOGRAMO;5;QUINTAL; ; ;2;QUINTAL;SI;NO; ; ;SI; ; ; ;54;LITRO;VERDE;480;LITRO;VERDE;435;LITRO;VERDE; ; ;ROSA; ;24406; ; ;TOTAL NACIONAL;1
05015463000993963;COTOPAXI;63;00099;3963;1;ROSA;1;BAJO INVERNADERO;12;,12;,12;25000;96000;BONCHE;2720;30;7;93;1;1;1;1;SI;,12; ;100; ; ; ; ;SI;NO; ; ; ; ; ; ;SI; ; ;360;KILOGRAMO;180;KILOGRAMO;110;KILOGRAMO;SI;NO; ; ;SI; ; ; ;1,92;LITRO;VERDE; ; ; ;12;LITRO;AMARILLO; ; ;ROSA; ; ;2720; ;TOTAL NACIONAL;1
05015163000993964;COTOPAXI;63;00099;3964;1;ROSA;1;BAJO INVERNADERO;5;3,9;3,9;783000;1040000;BONCHE;22880;25;100; ;1;1;1;1;SI;3,9; ; ; ;100; ; ;SI;SI;3;TONELADA; ; ;3500;LITRO;SI;600;KILOGRAMO;9657;KILOGRAMO;261;KILOGRAMO;3132;KILOGRAMO;SI;SI;52;LITRO;SI; ; ; ;52;LITRO;AZUL;468;LITRO;AZUL;2;LITRO;AZUL; ; ;ROSA; ; ;22880; ;TOTAL NACIONAL;1
05015163000993965;COTOPAXI;63;00099;3965;1;ROSA;1;BAJO INVERNADERO;25;9,6;9,6;864000;7500000;TABACO;67500;100;10;90;1;1;1;1;SI;9,6; ; ; ;100; ; ;SI;SI; ; ;4224;QUINTAL; ; ;SI; ; ;2503;QUINTAL;511;QUINTAL;2466;KILOGRAMO;SI;NO; ; ;SI; ; ; ;800;LITRO;VERDE;1600;LITRO;AZUL;400;LITRO;AMARILLO; ; ;ROSA; ;67500; ; ;TOTAL NACIONAL;1
05015463000993966;COTOPAXI;63;00099;3966;1;ROSA;1;BAJO INVERNADERO;24;13,8;13,8;633000;9494928;TABACO;47206;200; ;100;1;1;1;1;SI;13,8; ; ;100; ; ; ;SI;SI; ; ;796;KILOGRAMO; ; ;SI; ; ;120103;KILOGRAMO;35523;LITRO; ; ;SI;NO; ; ;SI; ; ; ;183;LITRO;VERDE; ; ; ;128,11;KILOGRAMO;VERDE; ; ;ROSA; ;47206; ; ;TOTAL NACIONAL;1
05015463000993967;COTOPAXI;63;00099;3967;1;ROSA;1;BAJO INVERNADERO;10;15;15;771916;11578740;TABACO;57567;200; ;100;1;1;1;1;SI;15; ; ; ;100; ; ;SI;SI;600;KILOGRAMO; ; ; ; ;SI; ; ;89780;KILOGRAMO;25248;LITRO; ; ;SI;NO; ; ;SI;60;LITRO;VERDE;188;LITRO;VERDE;4;LITRO;VERDE;197,28;KILOGRAMO;VERDE; ; ;ROSA; ;57567; ; ;TOTAL NACIONAL;1
05015964000991648;COTOPAXI;64;00099;1648;1;ROSA;1;BAJO INVERNADERO;3;25,3;25,3;2460000;9840000;FULL TABACO;30750;320; ;100;1;1;1;1;SI;25,3; ; ; ;100; ; ;SI;NO; ; ; ; ; ; ;SI;1332;KILOGRAMO;600;KILOGRAMO;168;KILOGRAMO;1440;KILOGRAMO;SI;SI;3189;KILOGRAMO;SI; ; ; ;1746;KILOGRAMO;AZUL;551,7;LITRO;VERDE;880,7;KILOGRAMO;VERDE; ; ;ROSA;30750; ; ; ;TOTAL NACIONAL;1
05015064000991662;COTOPAXI;64;00099;1662;1;CLAVEL;2;BAJO INVERNADERO;8;,15;,15;50000;200000;BONCHE;6560;25;10;90;1;1;1;1;SI;,15; ; ; ;100; ; ;SI;SI; ; ;1;TONELADA;100;LITRO;SI; ; ;2;QUINTAL;1;QUINTAL;2;QUINTAL;SI;NO; ; ;SI;10;LITRO;AZUL;10;LITRO;AZUL;10;LITRO;AMARILLO;10;LITRO;AZUL;4;4;CLAVEL; ; ;6560; ;TOTAL NACIONAL;1
10065001048130001;IMBABURA;01;04813;0001;1;ROSA;3;BAJO INVERNADERO;0;1,4;0;94600; ; ; ; ; ; ;1;1;1;1;SI;1,4; ; ; ;100; ; ;SI;SI;6600;KILOGRAMO; ; ; ; ;SI; ; ;3420;KILOGRAMO;936;KILOGRAMO;2250;KILOGRAMO;SI;NO; ; ;SI;94,84;KILOGRAMO;AMARILLO;47,42;KILOGRAMO;AMARILLO;94,84;KILOGRAMO;AMARILLO; ; ; ;0;0;ROSA; ; ; ; ;TOTAL NACIONAL;25,2015482408617
10045001119570005;IMBABURA;01;11957;0005;1;OTRAS FLORES PERMANENTES;1;CAMPO ABIERTO;3;2; ;250000; ; ; ; ; ; ;1;2;2;2;NO; ; ; ; ; ; ; ;SI;SI; ; ;30;TONELADA; ; ;NO; ; ; ; ; ; ; ; ;SI;NO; ; ;SI; ; ; ;2;KILOGRAMO;AZUL;1,2;LITRO;NO SABE; ; ; ; ; ;OTRAS FLORES PERMANENTES; ; ; ; ;TOTAL NACIONAL;44,7809090697569
10045901128070004;IMBABURA;01;12807;0004;1;OTRAS FLORES PERMANENTES;1;CAMPO ABIERTO;7;1; ;20000; ; ; ; ; ; ;1;2;2;2;NO; ; ; ; ; ; ; ;SI;NO; ; ; ; ; ; ;SI;2;LITRO; ; ; ; ; ; ;SI;NO; ; ;SI;,75;LITRO;AMARILLO;,75;LITRO;AMARILLO; ; ; ; ; ; ; ; ;OTRAS FLORES PERMANENTES; ; ; ; ;TOTAL NACIONAL;41,0780105073313
10045701138090014;IMBABURA;01;13809;0014;1;ROSA;1;BAJO INVERNADERO;3;,12;,12;18000;72000;FULL TABACO;180;400;100; ;1;1;1;1;SI;,12; ; ;100; ; ; ;SI;NO; ; ; ; ; ; ;SI;2;LITRO; ; ; ; ;4;KILOGRAMO;NO; ; ; ; ; ; ; ; ; ; ; ; ; ; ; ; ; ; ;ROSA;180; ; ; ;TOTAL NACIONAL;,16326713238208
10065563000993786;IMBABURA;63;00099;3786;1;LISIANTHUS;1;BAJO INVERNADERO;1;6;6;500000;500000;BONCHE;45000;10; ;100;1;2;1;1;SI;6; ; ; ;100; ; ;SI;SI; ; ; ; ;7200;LITRO;SI;1800;KILOGRAMO;11400;KILOGRAMO; ; ;3600;KILOGRAMO;SI;SI;37,2;LITRO;SI; ; ; ;19,2;KILOGRAMO;AZUL;62,4;LITRO;AZUL;12;LITRO;AZUL; ; ;LISIANTHUS; ; ;45000; ;TOTAL NACIONAL;1
10065563000993786;IMBABURA;63;00099;3786;2;LIMONIUM - STATICE;2;BAJO INVERNADERO;1;1;1;40000;324000;BOUQUET;97200;3; ;100;1;2;1;2;SI;1; ; ; ;100; ; ;SI;SI; ; ; ; ;1200;LITRO;SI;300;KILOGRAMO;1800;KILOGRAMO; ; ;600;KILOGRAMO;SI;SI;27,9;LITRO;SI; ; ; ;14,4;KILOGRAMO;AZUL;46,8;LITRO;AZUL;9;LITRO;AZUL; ; ;LIMONIUM - STATICE; ; ; ;97200;TOTAL NACIONAL;1
10015463000993792;IMBABURA;63;00099;3792;1;ROSA;1;BAJO INVERNADERO;15;5,5;5,5;394000;3290657;BONCHE;130310;25;9;91;1;1;1;1;SI;5,5; ; ;100; ; ; ;SI;SI; ; ;3;TONELADA;500;LITRO;SI;50,3;TONELADA;727,8;KILOGRAMO;504;KILOGRAMO; ; ;SI;SI;144;LITRO;SI; ; ; ;366;LITRO;VERDE;125,3;LITRO;VERDE;188;LITRO;VERDE; ; ;ROSA; ; ;130310; ;TOTAL NACIONAL;1
10035063000994234;IMBABURA;63;00099;4234;1;GYSOPHILLA;2;CAMPO ABIERTO;3;13;13;2500000;8750000;FULL TABACO;26250;300; ;100;1;1;1;2;SI;13; ; ; ;100; ; ;SI;SI;374,4;TONELADA;468000;KILOGRAMO; ; ;NO; ; ; ; ; ; ; ; ;SI;NO; ; ;SI; ; ; ;175,5;LITRO;AZUL;175,5;LITRO;AZUL; ; ; ; ; ;GYSOPHILLA;26250; ; ; ;TOTAL NACIONAL;1
10035063000994234;IMBABURA;63;00099;4234;2;GYSOPHILLA;5;CAMPO ABIERTO;5;3;3;580000;2030000;FULL TABACO;6040;300; ;100;1;1;1;2;SI;3; ; ; ;100; ; ;SI;SI;86,4;TONELADA;108000;KILOGRAMO; ; ;NO; ; ; ; ; ; ; ; ;SI;NO; ; ;SI; ; ; ;40,5;LITRO;AZUL;40,5;LITRO;AZUL; ; ; ; ; ;GYSOPHILLA;6040; ; ; ;TOTAL NACIONAL;1
17025301017190005;PICHINCHA;01;01719;0005;1;ROSA;1;BAJO INVERNADERO;0;2,25;0;22000; ; ; ; ; ; ;2;2;2;2;SI;2,25; ; ; ;100; ; ;SI;SI;2500;KILOGRAMO; ; ; ; ;NO; ; ; ; ; ; ; ; ;NO; ; ; ; ; ; ; ; ; ; ; ; ; ; ; ; ;1; ;ROSA; ; ; ; ;TOTAL NACIONAL;1,10807995184752
17045401045660008;PICHINCHA;01;04566;0008;1;ROSA;1;BAJO INVERNADERO;4;,12;,12;13000;70620;BONCHE;2640;25;100; ;1;1;1;1;SI;,12; ; ; ;100; ; ;SI;NO; ; ; ; ; ; ;SI;288,92;KILOGRAMO; ; ; ; ; ; ;SI;NO; ; ;SI; ; ; ;12;LITRO;AZUL;6;KILOGRAMO;AZUL; ; ; ; ;2;ROSA; ; ;2640; ;TOTAL NACIONAL;104,691336627729
17045401050420005;PICHINCHA;01;05042;0005;1;ROSA;1;BAJO INVERNADERO;7;,25;,25;25000;67237;BONCHE;2447;25;100; ;1;1;1;1;SI;,25; ; ; ;100; ; ;SI;NO; ; ; ; ; ; ;SI;182,5;KILOGRAMO;365;KILOGRAMO; ; ;182,5;KILOGRAMO;SI;NO; ; ;SI; ; ; ;18,89;LITRO;AMARILLO;14,44;LITRO;AZUL; ; ; ;1; ;ROSA; ; ;2447; ;TOTAL NACIONAL;119,907805271027
17045401050420005;PICHINCHA;01;05042;0005;2;ROSA;2;BAJO INVERNADERO;4;,4;,4;40000;107579;BONCHE;3915;25;100; ;1;1;1;1;SI;,4; ; ; ;100; ; ;SI;NO; ; ; ; ; ; ;SI;292;KILOGRAMO;584;KILOGRAMO; ; ;292;KILOGRAMO;SI;NO; ; ;SI; ; ; ;30,22;LITRO;AMARILLO;23,11;LITRO;AZUL; ; ; ;2; ;ROSA; ; ;3915; ;TOTAL NACIONAL;79,1941235386011
17045401050420005;PICHINCHA;01;05042;0005;3;ROSA;3;BAJO INVERNADERO;2;,25;,25;25000;67237;BONCHE;2447;25;100; ;1;1;1;1;SI;,25; ; ; ;100; ; ;SI;NO; ; ; ; ; ; ;SI;12,5;KILOGRAMO;365;KILOGRAMO; ; ;182,5;KILOGRAMO;SI;NO; ; ;SI; ; ; ;18,89;LITRO;AMARILLO;14,44;LITRO;AZUL; ; ; ;1; ;ROSA; ; ;2447; ;TOTAL NACIONAL;127,225960721666
17045401057200003;PICHINCHA;01;05720;0003;1;ROSA;3;BAJO INVERNADERO;3;,25;,25;15000;120000;BONCHE;4560;25;100; ;1;1;1;1;SI;,25; ; ; ;100; ; ;SI;SI;4000;LIBRA; ; ; ; ;SI;80;KILOGRAMO;326;KILOGRAMO;9,6;KILOGRAMO;86,4;KILOGRAMO;SI;NO; ; ;SI; ; ; ;8,4;LITRO;AZUL;6;KILOGRAMO;AZUL; ; ; ; ; ;ROSA; ; ;4560; ;TOTAL NACIONAL;145,151295874949
17045401057200004;PICHINCHA;01;05720;0004;1;ROSA;2;BAJO INVERNADERO;4;,25;,25;16000;150000;BONCHE;5580;25;100; ;1;1;1;1;SI;,25; ; ; ;100; ; ;SI;SI;5400;LIBRA; ; ; ; ;SI;100;KILOGRAMO;480;KILOGRAMO;12;KILOGRAMO;5,76;KILOGRAMO;SI;NO; ; ;SI; ; ; ;9,6;LITRO;AZUL;18;KILOGRAMO;AZUL; ; ; ; ; ;ROSA; ; ;5580; ;TOTAL NACIONAL;161,957651665551
17045401057200005;PICHINCHA;01;05720;0005;1;ROSA;1;BAJO INVERNADERO;2;,25;,25;15000;140000;BONCHE;5264;25;100; ;1;1;1;1;SI;,25; ; ; ;100; ; ;SI;NO; ; ; ; ; ; ;SI; ; ;413,28;KILOGRAMO;24;KILOGRAMO;14,4;KILOGRAMO;SI;NO; ; ;SI; ; ; ; ; ; ;12;KILOGRAMO;AZUL; ; ; ;1; ;ROSA; ; ;5264; ;TOTAL NACIONAL;154,098564425342
17025601059830001;PICHINCHA;01;05983;0001;1;ROSA;2;BAJO INVERNADERO;20;12;12;750000;7500000;BONCHE;270000;25; ;100;1;1;1;1;SI;12; ; ; ;100; ; ;SI;SI; ; ;432000;KILOGRAMO; ; ;SI; ; ;1152;LITRO;576;KILOGRAMO;864;KILOGRAMO;SI;NO; ; ;SI; ; ; ;1440;LITRO;AMARILLO;864;KILOGRAMO;AZUL;155,52;KILOGRAMO;VERDE;4; ;ROSA; ; ;270000; ;TOTAL NACIONAL;17,8336137811621
17025601059830001;PICHINCHA;01;05983;0001;2;ROSA;3;BAJO INVERNADERO;10;12;12;750000;7500000;BONCHE;270000;25; ;100;1;1;1;1;SI;12; ; ; ;100; ; ;SI;SI; ; ;432000;KILOGRAMO; ; ;SI; ; ;1152;LITRO;576;KILOGRAMO;864;KILOGRAMO;SI;NO; ; ;SI; ; ; ;1440;LITRO;AMARILLO;864;KILOGRAMO;AZUL;155,52;KILOGRAMO;VERDE;0; ;ROSA; ; ;270000; ;TOTAL NACIONAL;8,85360944554667
17045401060490002;PICHINCHA;01;06049;0002;1;ROSA;1;BAJO INVERNADERO;2;,7;,7;200000;240000;BONCHE;8736;25;100; ;1;1;1;1;SI;,7; ; ;25;75; ; ;SI;SI;17500;LIBRA; ; ; ; ;SI; ; ; ; ;936;KILOGRAMO;576;KILOGRAMO;SI;NO; ; ;SI; ; ; ;1;LITRO;AMARILLO;96;LITRO;AMARILLO; ; ; ; ; ;ROSA; ; ;8736; ;TOTAL NACIONAL;27,598146972427
17045401060490007;PICHINCHA;01;06049;0007;1;ROSA;1;BAJO INVERNADERO;8;,4;,4;35000;240000;BONCHE;8928;25;100; ;1;1;1;1;SI;,4; ; ; ;100; ; ;SI;SI;16000;KILOGRAMO; ; ; ; ;SI;128;KILOGRAMO;768;KILOGRAMO;43,2;KILOGRAMO;480;KILOGRAMO;SI;NO; ; ;SI; ; ; ;8,64;LITRO;AZUL;13,44;KILOGRAMO;AZUL; ; ; ; ; ;ROSA; ; ;8928; ;TOTAL NACIONAL;70,6398480444201
17045401062940003;PICHINCHA;01;06294;0003;1;ROSA;1;BAJO INVERNADERO;8;3,2;3,2;260000;2707575;BONCHE;97473;25;10;90;1;1;1;1;SI;3,2; ; ; ;100; ; ;SI;SI;200;QUINTAL; ; ;200;LITRO;SI;39960;KILOGRAMO; ; ; ; ; ; ;SI;NO; ; ;SI; ; ; ;116,96;LITRO;AZUL;177,2;LITRO;AMARILLO;180,36;LITRO;AMARILLO;2;3;ROSA; ; ;97473; ;TOTAL NACIONAL;0
17045401063800001;PICHINCHA;01;06380;0001;1;ROSA;1;BAJO INVERNADERO;5;,16;,16;15000;90000;BONCHE;3492;25;100; ;1;1;1;1;SI;,16; ; ; ;100; ; ;SI;NO; ; ; ; ; ; ;SI;60;KILOGRAMO;60;KILOGRAMO;60;KILOGRAMO;60;KILOGRAMO;SI;NO; ; ;SI;6;LITRO;AZUL;6;LITRO;AZUL;6;LITRO;ROJO; ; ; ; ; ;ROSA; ; ;3492; ;TOTAL NACIONAL;96,4235695696293
17045401063800002;PICHINCHA;01;06380;0002;1;ROSA;1;BAJO INVERNADERO;1;,16;,16;17000;90000;BONCHE;3492;25;100; ;1;1;1;1;SI;,16; ; ; ;100; ; ;SI;NO; ; ; ; ; ; ;SI;30;KILOGRAMO;30;KILOGRAMO;30;KILOGRAMO;30;KILOGRAMO;SI;NO; ; ;SI;12;LITRO;AZUL;12;LITRO;AZUL;12;LITRO;AZUL; ; ; ; ; ;ROSA; ; ;3492; ;TOTAL NACIONAL;35,8435294476133
17045401063800003;PICHINCHA;01;06380;0003;1;ROSA;1;BAJO INVERNADERO;4;,1;,1;10000;96000;BONCHE;3725;25;100; ;1;1;1;1;SI;,1; ; ; ;100; ; ;SI;NO; ; ; ; ; ; ;SI;31;KILOGRAMO;62;KILOGRAMO;62;KILOGRAMO;62;KILOGRAMO;SI;NO; ; ;SI;12;LITRO;AZUL;12;LITRO;AZUL;12;LITRO;AZUL; ; ; ; ; ;ROSA; ; ;3725; ;TOTAL NACIONAL;9,95970035048323
17045401063800003;PICHINCHA;01;06380;0003;2;ROSA;2;BAJO INVERNADERO;2;,1;,1;10000;96000;BONCHE;3725;25;100; ;1;1;1;1;SI;,1; ; ; ;100; ; ;SI;NO; ; ; ; ; ; ;SI;31;KILOGRAMO;62;KILOGRAMO;62;KILOGRAMO;62;KILOGRAMO;SI;NO; ; ;SI;12;LITRO;AZUL;12;LITRO;AZUL;12;LITRO;AZUL; ; ; ; ; ;ROSA; ; ;3725; ;TOTAL NACIONAL;61,0601237173416
17045401063800004;PICHINCHA;01;06380;0004;1;ROSA;1;BAJO INVERNADERO;5;,25;,25;20000;192000;BONCHE;7450;25;100; ;1;1;1;1;SI;,25; ; ; ;100; ; ;SI;NO; ; ; ; ; ; ;SI;62;KILOGRAMO;62;KILOGRAMO;62;KILOGRAMO;62;KILOGRAMO;SI;NO; ; ;SI;12;LITRO;AZUL;12;LITRO;AZUL;12;LITRO;AZUL;12;LITRO;VERDE; ; ;ROSA; ; ;7450; ;TOTAL NACIONAL;48,1450613020745
17045401063800005;PICHINCHA;01;06380;0005;1;ROSA;1;BAJO INVERNADERO;4;,1;,1;15000;90000;BONCHE;3492;25;100; ;1;1;1;1;SI;,1; ; ; ;100; ; ;SI;NO; ; ; ; ; ; ;SI;750;KILOGRAMO;28,8;KILOGRAMO;20;KILOGRAMO;20;KILOGRAMO;SI;NO; ; ;SI;12;LITRO;AZUL;12;LITRO;AZUL;12;LITRO;AZUL; ; ; ; ; ;ROSA; ; ;3492; ;TOTAL NACIONAL;113,39737261792
17045401063800006;PICHINCHA;01;06380;0006;1;ROSA;1;BAJO INVERNADERO;5;,72;,72;60000;576000;BONCHE;22349;25;100; ;1;1;1;1;SI;,72; ; ; ;100; ; ;SI;NO; ; ; ; ; ; ;SI;186;KILOGRAMO;186;KILOGRAMO;186;KILOGRAMO;186;KILOGRAMO;SI;NO; ; ;SI;18;LITRO;AZUL;18;LITRO;AZUL;18;LITRO;AZUL; ; ; ; ; ;ROSA; ; ;22349; ;TOTAL NACIONAL;35,7214742962593
17045401063800014;PICHINCHA;01;06380;0014;1;ROSA;1;BAJO INVERNADERO;8;,3;,3;30000;204000;BONCHE;7752;25;100; ;1;1;1;1;SI;,2; ; ; ;100; ; ;SI;SI;250;KILOGRAMO; ; ; ; ;SI; ; ;1200;KILOGRAMO;800;KILOGRAMO; ; ;SI;NO; ; ;SI;5;LITRO;AZUL;9;LITRO;AZUL;8;LITRO;AMARILLO; ; ; ; ; ;ROSA; ; ;7752; ;TOTAL NACIONAL;92,6100241739922
17045401063800015;PICHINCHA;01;06380;0015;1;ROSA;5;BAJO INVERNADERO;5;,4;,4;40000;272000;BONCHE;10554;25;100; ;1;1;1;1;SI;,4; ; ; ;100; ; ;SI;SI;20;QUINTAL; ; ; ; ;SI; ; ;576;KILOGRAMO;864;KILOGRAMO; ; ;SI;NO; ; ;SI;8;LITRO;AZUL;8;LITRO;AZUL;4;LITRO;AMARILLO; ; ; ;5;1;ROSA; ; ;10554; ;TOTAL NACIONAL;52,8580175463555
17045401066080001;PICHINCHA;01;06608;0001;1;PROTEAS;1;CAMPO ABIERTO;0;1,7; ;15300; ; ; ; ; ; ;1;1;2;1;SI;1,7; ; ; ;100; ; ;SI;NO; ; ; ; ; ; ;SI;718,86;KILOGRAMO;1544,57;KILOGRAMO; ; ; ; ;SI;NO; ; ;SI;26,08;LITRO;AZUL;43,08;LITRO;AZUL;303,7;LITRO;AZUL; ; ; ; ; ;OTRAS FLORES PERMANENTES; ; ; ; ;TOTAL NACIONAL;68,6141409670209
17045401066080001;PICHINCHA;01;06608;0001;2;PROTEAS;2;CAMPO ABIERTO;5;1,34;1,34;12060;243636;BOUQUET;19897;12;4;96;1;1;2;1;SI;1,34; ; ; ;100; ; ;SI;NO; ; ; ; ; ; ;SI;556,63;KILOGRAMO;1217,49;KILOGRAMO; ; ; ; ;SI;NO; ; ;SI;20,55;LITRO;AZUL;37,12;LITRO;AZUL;239,39;LITRO;AZUL; ; ; ; ; ;OTRAS FLORES PERMANENTES; ; ; ;19897;TOTAL NACIONAL;81,5401279791538
17045401066080001;PICHINCHA;01;06608;0001;3;PROTEAS;3;CAMPO ABIERTO;7;,66;,66;5940;120000;BOUQUET;100;12;4;96;1;1;2;1;SI;,66; ; ; ;100; ; ;SI;NO; ; ; ; ; ; ;SI;279,09;KILOGRAMO;599,66;KILOGRAMO; ; ; ; ;SI;NO; ; ;SI;10,12;LITRO;AZUL;18,28;LITRO;AZUL;117,9;LITRO;AZUL; ; ; ; ; ;OTRAS FLORES PERMANENTES; ; ; ;100;TOTAL NACIONAL;85,9564156807896
17045401066080001;PICHINCHA;01;06608;0001;4;PROTEAS;4;CAMPO ABIERTO;15;1,32;,79;7110;143636;BOUQUET;11730;12;4;96;1;1;2;1;SI;1,32; ; ; ;100; ; ;SI;NO; ; ; ; ; ; ;SI;334,06;KILOGRAMO;717,77;KILOGRAMO; ; ; ; ;SI;NO; ; ;SI;12,11;LITRO;AZUL;21,88;LITRO;AZUL;141,13;LITRO;AZUL; ; ; ; ; ;OTRAS FLORES PERMANENTES; ; ; ;11730;TOTAL NACIONAL;85,9317580744555
17045401066080001;PICHINCHA;01;06608;0001;5;PROTEAS;5;CAMPO ABIERTO;15;1,98;1,19;10710;325455;BOUQUET;26579;12;4;96;1;1;2;1;SI;1,98; ; ; ;100; ; ;SI;NO; ; ; ; ; ; ;SI;503,2;KILOGRAMO;1081,2;KILOGRAMO; ; ; ; ;SI;NO; ; ;SI;18,25;LITRO;AZUL;32,96;LITRO;AZUL;212,59;LITRO;AZUL; ; ; ; ; ;OTRAS FLORES PERMANENTES; ; ; ;26579;TOTAL NACIONAL;38,7001131414226
17045401066080001;PICHINCHA;01;06608;0001;6;PROTEAS;7;CAMPO ABIERTO;2;,68;,48;4320;87272;BOUQUET;7127;12;4;96;1;1;2;1;SI;,48; ; ; ;100; ; ;SI;NO; ; ; ; ; ; ;SI;202,97;KILOGRAMO;436,11;KILOGRAMO; ; ; ; ;SI;NO; ; ;SI;7,36;LITRO;AZUL;13,3;LITRO;AZUL;85,75;LITRO;AZUL; ; ; ; ; ;OTRAS FLORES PERMANENTES; ; ; ;7127;TOTAL NACIONAL;54,0772128915467
17045401066080001;PICHINCHA;01;06608;0001;7;PROTEAS;8;CAMPO ABIERTO;20;,46;,28;2520;50909;BOUQUET;4158;12;4;96;1;1;2;1;SI;,46; ; ; ;100; ; ;SI;NO; ; ; ; ; ; ;SI;118,4;KILOGRAMO;254,4;KILOGRAMO; ; ; ; ;SI;NO; ; ;SI;4,3;LITRO;AZUL;7,76;LITRO;AZUL;50,02;LITRO;AZUL; ; ; ; ; ;OTRAS FLORES PERMANENTES; ; ; ;4158;TOTAL NACIONAL;40,6850504513204
17025601066460001;PICHINCHA;01;06646;0001;1;ROSA;4;BAJO INVERNADERO;4;,25;,25;25000;150000;BONCHE;5700;25;100; ;1;1;1;1;SI;,25; ; ; ;100; ; ;SI;SI;300;LIBRA; ; ; ; ;SI;45;KILOGRAMO;84;LIBRA; ; ;10;LIBRA;SI;NO; ; ;SI; ; ; ;,25;LITRO;AZUL;2;LITRO;AZUL;,1;KILOGRAMO;AZUL;1; ;ROSA; ; ;5700; ;TOTAL NACIONAL;84,364520615858
17025601066460007;PICHINCHA;01;06646;0007;1;ROSA;2;BAJO INVERNADERO;2;,07;,07;7000;48000;BONCHE;1805;25;100; ;1;1;1;1;SI;,07; ; ; ;100; ; ;SI;SI;1000;LIBRA; ; ; ; ;SI;40;LIBRA;60;LIBRA; ; ;8;LIBRA;SI;SI;20;LITRO;SI; ; ; ;6;LITRO;AZUL;6;LITRO;AZUL; ; ; ; ; ;ROSA; ; ;1805; ;TOTAL NACIONAL;114,150627266276
17025001089220002;PICHINCHA;01;08922;0002;1;ROSA;2;BAJO INVERNADERO;15;34;34;2545000;39040000;BOUQUET;3058133;12;0;100;1;1;1;1;SI;34; ; ; ;100; ; ;SI;NO; ; ; ; ; ; ;SI; ; ;221994;KILOGRAMO;5699,48;KILOGRAMO; ; ;SI;SI;15031,58;LITRO;SI; ; ; ;585,8;KILOGRAMO;AZUL;805;KILOGRAMO;AZUL; ; ; ;40; ;ROSA; ; ; ;3058133;TOTAL NACIONAL;7,69205923262234
17025001089220002;PICHINCHA;01;08922;0002;2;ROSA;3;BAJO INVERNADERO;3;4;4;355000;4592940;BOUQUET;359780;12; ;100;1;1;1;1;SI;4; ; ; ;100; ; ;SI;NO; ; ; ; ; ; ;SI; ; ;13058,47;KILOGRAMO;670,52;KILOGRAMO; ; ;SI;SI;1768,42;LITRO;SI; ; ; ;68,9;KILOGRAMO;AZUL;94,7;KILOGRAMO;AZUL; ; ; ;40; ;ROSA; ; ; ;359780;TOTAL NACIONAL;1,97729345193417
17045001089640001;PICHINCHA;01;08964;0001;1;ROSA;1;BAJO INVERNADERO;8;10,32;10,32;757746;5167368;BONCHE;189126;25; ;100;1;1;1;1;SI;10,32; ; ; ;100; ; ;SI;SI;1290;KILOGRAMO; ; ; ; ;SI;30093,12;KILOGRAMO;31238,64;KILOGRAMO;928,8;KILOGRAMO; ; ;SI;SI;56,76;LITRO;SI; ; ; ;59,03;LITRO;AMARILLO;305,88;LITRO;AMARILLO; ; ; ; ; ;ROSA; ; ;189126; ;TOTAL NACIONAL;0
17045001089640002;PICHINCHA;01;08964;0002;1;ROSA;1;BAJO INVERNADERO;7;10,3;10,3;802942;10438246;TABACO;38413;250; ;100;1;1;1;1;SI;10,3; ; ; ;100; ; ;SI;SI; ; ;306000;KILOGRAMO; ; ;SI;21522;KILOGRAMO; ; ; ; ; ; ;SI;NO; ; ;SI; ; ; ;57;LITRO;AMARILLO;232,8;KILOGRAMO;AZUL;330;LITRO;AZUL;40; ;ROSA; ;38413; ; ;TOTAL NACIONAL;28,4986991153892
17045001089640003;PICHINCHA;01;08964;0003;1;ROSA;1;BAJO INVERNADERO;21;,25;,25;13006;184450;BONCHE;6862;25; ;100;1;1;1;1;SI;,25; ; ; ;100; ; ;SI;NO; ; ; ; ; ; ;SI;86,64;KILOGRAMO;93,18;KILOGRAMO;18,71;KILOGRAMO;913,14;KILOGRAMO;SI;SI;5,67;LITRO;SI; ; ; ;6,42;LITRO;AMARILLO;30,21;LITRO;AMARILLO; ; ; ; ; ;ROSA; ; ;6862; ;TOTAL NACIONAL;0
17045001089640003;PICHINCHA;01;08964;0003;2;ROSA;2;BAJO INVERNADERO;12;3,25;3,25;233100;2533350;BONCHE;94240;25; ;100;1;1;1;1;SI;3,25; ; ; ;100; ; ;SI;NO; ; ; ; ; ; ;SI;1126,32;KILOGRAMO;1211,34;KILOGRAMO;243,29;KILOGRAMO;11870,82;KILOGRAMO;SI;SI;73,71;LITRO;SI; ; ; ;83,56;LITRO;AMARILLO;392,73;LITRO;AMARILLO; ; ; ; ; ;ROSA; ; ;94240; ;TOTAL NACIONAL;0
17045001089640003;PICHINCHA;01;08964;0003;3;ROSA;3;BAJO INVERNADERO;14;5,9;5,9;367481;4727650;BONCHE;175868;25; ;100;1;1;1;1;SI;5,9; ; ; ;100; ; ;SI;NO; ; ; ; ; ; ;SI;2044,7;KILOGRAMO;2199,04;KILOGRAMO;441,67;KILOGRAMO;21550,1;KILOGRAMO;SI;SI;133,81;LITRO;SI; ; ; ;151,51;LITRO;AMARILLO;712,95;LITRO;AMARILLO; ; ; ; ; ;ROSA; ; ;175868; ;TOTAL NACIONAL;0
17025001092060001;PICHINCHA;01;09206;0001;1;ROSA;1;BAJO INVERNADERO;7;3,2;3,2;282404;2119000;FULL TABACO;4520;450; ;100;1;1;1;1;SI;3,2; ; ; ;100; ; ;SI;SI; ; ;14259,58;KILOGRAMO;2280,54;LITRO;SI; ; ;573,9;KILOGRAMO; ; ;111,08;KILOGRAMO;SI;NO; ; ;SI; ; ; ;15,74;LITRO;VERDE;8,33;KILOGRAMO;VERDE; ; ; ; ; ;ROSA;4520; ; ; ;TOTAL NACIONAL;57,8765185195258
17025001092060002;PICHINCHA;01;09206;0002;1;ROSA;1;BAJO INVERNADERO;19;3,04;3,04;194000;1891907;FULL TABACO;4036;450; ;100;1;1;1;1;SI;3,04; ; ; ;100; ; ;SI;SI; ; ;13546,6;KILOGRAMO;2166,52;LITRO;SI; ; ;545,21;KILOGRAMO; ; ;105,53;KILOGRAMO;SI;NO; ; ;SI; ; ; ;14,95;LITRO;VERDE;7,91;KILOGRAMO;VERDE; ; ; ; ; ;ROSA;4036; ; ; ;TOTAL NACIONAL;5,19483854710017
17045001092280005;PICHINCHA;01;09228;0005;1;ROSA;1;BAJO INVERNADERO;4;,43;,43;15000;36000;BONCHE;1397;25;100; ;1;1;1;1;SI;,43; ; ; ;100; ; ;SI;SI;500;KILOGRAMO; ; ; ; ;NO; ; ; ; ; ; ; ; ;SI;NO; ; ;SI; ; ; ;2,4;LITRO;AMARILLO; ; ; ; ; ; ; ; ;ROSA; ; ;1397; ;TOTAL NACIONAL;58,7681361309863
17045001092280006;PICHINCHA;01;09228;0006;1;ROSA;1;BAJO INVERNADERO;8;,28;,28;30000;81000;TABACO;1964;40;100; ;1;1;1;1;SI;,28; ; ; ;100; ; ;SI;SI;500;KILOGRAMO; ; ; ; ;NO; ; ; ; ; ; ; ; ;SI;NO; ; ;SI; ; ; ;2,4;LITRO;AMARILLO; ; ; ; ; ; ; ; ;ROSA; ;1964; ; ;TOTAL NACIONAL;74,4420180257874
17045001092280008;PICHINCHA;01;09228;0008;1;ROSA;1;BAJO INVERNADERO;4;,12;,12;13000;79300;BONCHE;3077;25;100; ;1;1;1;1;SI;,12; ; ; ;100; ; ;SI;SI;200;KILOGRAMO; ; ; ; ;SI;,25;QUINTAL;8;QUINTAL;,3;QUINTAL; ; ;SI;NO; ; ;SI;,6;LITRO;AZUL;,6;LITRO;AZUL;,6;LITRO;AMARILLO; ; ; ;1; ;ROSA; ; ;3077; ;TOTAL NACIONAL;66,45224907049
17045001092280008;PICHINCHA;01;09228;0008;2;ROSA;2;BAJO INVERNADERO;4;,27;,27;27000;183600;BONCHE;7123;25;100; ;1;1;1;1;SI;,27; ; ; ;100; ; ;SI;SI;400;KILOGRAMO; ; ; ; ;SI;1;QUINTAL;10;QUINTAL;,75;QUINTAL; ; ;SI;NO; ; ;SI;1,2;LITRO;AZUL;1,2;LITRO;AZUL;1,2;LITRO;AMARILLO; ; ; ;1; ;ROSA; ; ;7123; ;TOTAL NACIONAL;71,0270569656829
17045001092280010;PICHINCHA;01;09228;0010;1;ROSA;1;BAJO INVERNADERO;4;,3;,3;30000;204000;BONCHE;7915;25; ;100;1;1;1;1;SI;,3; ; ; ;100; ; ;SI;SI;250;LIBRA; ; ; ; ;SI;300;LIBRA;24;QUINTAL;1;QUINTAL; ; ;SI;NO; ; ;SI;10;LITRO;AZUL;15;LITRO;AZUL;10;LIBRA;AMARILLO; ; ; ;5; ;ROSA; ; ;7915; ;TOTAL NACIONAL;76,5095935420564
17045001092280011;PICHINCHA;01;09228;0011;1;ROSA;2;BAJO INVERNADERO;3;,34;,34;34000;231200;BONCHE;8878;25;100; ;1;1;1;1;SI;,34; ; ; ;100; ; ;SI;SI;350;LIBRA; ; ; ; ;SI;100;KILOGRAMO; ; ; ; ; ; ;SI;NO; ; ;SI;20;LITRO;AZUL;30;LITRO;AZUL;35;LIBRA;AMARILLO; ; ; ;8; ;ROSA; ; ;8878; ;TOTAL NACIONAL;58,0503872792487
17045001092280012;PICHINCHA;01;09228;0012;1;ROSA;1;BAJO INVERNADERO;4;,25;,25;25000;170000;BONCHE;6528;25;100; ;1;1;1;1;SI;,25; ; ; ;100; ; ;SI;SI; ; ;350;LIBRA; ; ;SI;50;KILOGRAMO;25;QUINTAL;50;QUINTAL;25;KILOGRAMO;SI;NO; ; ;SI;5;LITRO;AZUL;24;LITRO;AZUL;24;KILOGRAMO;AMARILLO; ; ; ;3; ;ROSA; ; ;6528; ;TOTAL NACIONAL;47,2337161719649
17045001092280013;PICHINCHA;01;09228;0013;1;ROSA;1;BAJO INVERNADERO;4;2,67;2,67;260000;2860000;FULL TABACO;9247;300;95;5;1;1;1;1;SI;2,67; ; ; ;100; ; ;SI;SI; ; ;1335;KILOGRAMO; ; ;SI;416;KILOGRAMO;1400;KILOGRAMO;950;KILOGRAMO;780;KILOGRAMO;SI;SI;104;LITRO;SI;20;LITRO;AZUL;234;LITRO;AZUL;182;LITRO;AMARILLO; ; ; ; ; ;ROSA;9247; ; ; ;TOTAL NACIONAL;0
17045001092280013;PICHINCHA;01;09228;0013;2;ROSA;3;BAJO INVERNADERO;4;1;1;100000;1100000;FULL TABACO;3557;300;95;5;1;1;1;1;SI;1; ; ; ;100; ; ;SI;SI; ; ;500;KILOGRAMO; ; ;SI;150;KILOGRAMO;500;KILOGRAMO;365;KILOGRAMO;300;KILOGRAMO;SI;SI;40;LITRO;SI;8;LITRO;AZUL;90;LITRO;AZUL;70;LITRO;AMARILLO; ; ; ; ; ;ROSA;3557; ; ; ;TOTAL NACIONAL;0
17045001092340003;PICHINCHA;01;09234;0003;1;ROSA;1;BAJO INVERNADERO;4;,35;,35;35000;105000;BONCHE;4200;25;100; ;1;1;1;1;SI;,35; ; ; ;100; ; ;SI;SI;30;QUINTAL; ; ; ; ;SI;200;KILOGRAMO;250;KILOGRAMO;120;KILOGRAMO;80;KILOGRAMO;SI;NO; ; ;SI;15;LITRO;AMARILLO;20;LITRO;AZUL;28;KILOGRAMO;AMARILLO; ; ; ; ; ;ROSA; ; ;4200; ;TOTAL NACIONAL;11,7230512152925
17045001092340003;PICHINCHA;01;09234;0003;2;ROSA;3;BAJO INVERNADERO;2;,25;,25;70000;192000;BONCHE;7460;25;100; ;1;1;1;1;SI;,25; ; ; ;100; ; ;SI;NO; ; ; ; ; ; ;SI;62;KILOGRAMO;62;KILOGRAMO;62;KILOGRAMO;62;KILOGRAMO;SI;NO; ; ;SI;30;LITRO;AZUL;30;LITRO;AZUL;40;LITRO;AZUL; ; ; ; ; ;ROSA; ; ;7460; ;TOTAL NACIONAL;64,4481888762666
17045001092340007;PICHINCHA;01;09234;0007;1;ROSA;1;BAJO INVERNADERO;2;,17;,17;17000;51000;BONCHE;1979;25;100; ;1;1;1;2;SI;,1; ; ; ;100; ; ;SI;SI;40;QUINTAL; ; ; ; ;NO; ; ; ; ; ; ; ; ;NO; ; ; ; ; ; ; ; ; ; ; ; ; ; ; ; ;1; ;ROSA; ; ;1979; ;TOTAL NACIONAL;64,2048696879625
17045001092340009;PICHINCHA;01;09234;0009;1;ROSA;1;BAJO INVERNADERO;2;,25;,25;20000;192000;BONCHE;7450;25;100; ;1;1;1;1;SI;,25; ; ; ;100; ; ;SI;NO; ; ; ; ; ; ;SI;62;KILOGRAMO;62;KILOGRAMO;62;KILOGRAMO;62;KILOGRAMO;SI;NO; ; ;SI;12;LITRO;AZUL;12;LITRO;AZUL;40;LITRO;AZUL;60;LITRO;VERDE; ;2;ROSA; ; ;7450; ;TOTAL NACIONAL;70,2124989372494
17045001092340013;PICHINCHA;01;09234;0013;1;ROSA;1;BAJO INVERNADERO;2;,12;,12;12000;103200;BONCHE;4004;25;100; ;1;1;1;1;SI;,12; ; ; ;100; ; ;SI;NO; ; ; ; ; ; ;SI; ; ;30;KILOGRAMO;30;KILOGRAMO;25;KILOGRAMO;SI;NO; ; ;SI;6;LITRO;AZUL;6;LITRO;AZUL;9;LITRO;AZUL;8;LITRO;VERDE;2; ;ROSA; ; ;4004; ;TOTAL NACIONAL;4,55896436150264
17045001092340023;PICHINCHA;01;09234;0023;1;ROSA;2;BAJO INVERNADERO;3;,19;,19;18000;105600;BONCHE;4013;25;100; ;1;1;1;1;SI;,19; ; ; ;100; ; ;SI;SI;800;LIBRA; ; ; ; ;NO; ; ; ; ; ; ; ; ;SI;SI;12;LITRO;SI; ; ; ;1;LITRO;AMARILLO;36;LITRO;AMARILLO; ; ; ;1; ;ROSA; ; ;4013; ;TOTAL NACIONAL;85,0811603177476
17025001094700001;PICHINCHA;01;09470;0001;1;ROSA;4;BAJO INVERNADERO;0;6; ;540000; ; ; ; ; ; ;1;1;1;1;SI;6; ; ; ;100; ; ;SI;NO; ; ; ; ; ; ;SI; ; ;20510;KILOGRAMO; ; ;6750;KILOGRAMO;SI;NO; ; ;SI; ; ; ;63;KILOGRAMO;AMARILLO;168;KILOGRAMO;AMARILLO;1;LITRO;ROJO; ; ;ROSA; ; ; ; ;TOTAL NACIONAL;6,62135634411756
17025001095050001;PICHINCHA;01;09505;0001;1;ROSA;1;BAJO INVERNADERO;9;11;11;850000;11900000;BOUQUET;942083;12; ;100;1;1;1;1;SI;11; ; ; ;100; ; ;SI;SI; ; ;836880;KILOGRAMO; ; ;SI;52756;KILOGRAMO;59840,55;KILOGRAMO;4027,1;KILOGRAMO;4153,6;KILOGRAMO;SI;SI;345,4;LITRO;SI; ; ; ;198;KILOGRAMO;AZUL;216,8;KILOGRAMO;AZUL; ; ; ; ; ;ROSA; ; ; ;942083;TOTAL NACIONAL;0
17025001095050003;PICHINCHA;01;09505;0003;1;ROSA;1;BAJO INVERNADERO;5;17;17;2380000;13589000;BONCHE;500075;25;15;85;1;1;1;1;SI;17; ; ; ;100; ; ;SI;SI;642600;KILOGRAMO;1500044;KILOGRAMO; ; ;SI;16,11;TONELADA;80,53;TONELADA; ; ;12,53;TONELADA;SI;SI;858,95;LITRO;SI; ; ; ;178,95;LITRO;AZUL;357,8;LITRO;AZUL;536,84;LITRO;AZUL; ; ;ROSA; ; ;500075; ;TOTAL NACIONAL;,0972612029612742
17016301149330001;PICHINCHA;01;14933;0001;1;OTRAS FLORES PERMANENTES;4;CAMPO ABIERTO;2;,08;,08;5975;59750;BOUQUET;56762;1; ;100;1;1;1;1;SI;,08; ; ; ;100; ; ;SI;SI; ; ;175,54;KILOGRAMO; ; ;SI;624,91;KILOGRAMO; ; ; ; ; ; ;SI;NO; ; ;SI; ; ; ;2,31;LITRO;VERDE; ; ; ; ; ; ; ; ;OTRAS FLORES PERMANENTES; ; ; ;56762;TOTAL NACIONAL;0
17016301149330001;PICHINCHA;01;14933;0001;2;LIMONIUM - STATICE;6;BAJO INVERNADERO;2;,75;,75;27908;227820;BOUQUET;72143;3; ;100;1;1;1;1;SI;,75; ; ; ;100; ; ;SI;SI; ; ;1645,69;KILOGRAMO; ; ;SI;5858,52;KILOGRAMO; ; ; ; ; ; ;SI;NO; ; ;SI; ; ; ;21,7;LITRO;VERDE; ; ; ; ; ; ; ; ;LIMONIUM - STATICE; ; ; ;72143;TOTAL NACIONAL;0
17016301149330001;PICHINCHA;01;14933;0001;3;LIMONIUM - STATICE;10;BAJO INVERNADERO;2;1,8;1,8;66980;546775;BOUQUET;173145;3; ;100;1;1;1;1;SI;1,8; ; ; ;100; ; ;SI;SI; ; ;3949,67;KILOGRAMO; ; ;SI;14060,46;KILOGRAMO; ; ; ; ; ; ;SI;NO; ; ;SI; ; ; ;52,1;LITRO;VERDE; ; ; ; ; ; ; ; ;LIMONIUM - STATICE; ; ; ;173145;TOTAL NACIONAL;0
17025201155230001;PICHINCHA;01;15523;0001;1;ROSA;3;BAJO INVERNADERO;5;,25;,25;20000;140000;BONCHE;5040;25;100; ;1;1;1;1;SI;,25; ; ; ;100; ; ;SI;SI; ; ;800;QUINTAL; ; ;SI;300;KILOGRAMO; ; ; ; ; ; ;SI;NO; ; ;SI; ; ; ;5;LITRO;AZUL;5;KILOGRAMO;AZUL; ; ; ; ; ;ROSA; ; ;5040; ;TOTAL NACIONAL;61,5548539308297
17025201155230003;PICHINCHA;01;15523;0003;1;ROSA;1;BAJO INVERNADERO;0;,2;0;18000; ; ; ; ;0;0;1;2;2;2;SI;,2; ; ; ;100; ; ;SI;SI; ; ;52;QUINTAL; ; ;SI;300;KILOGRAMO; ; ; ; ; ; ;SI;NO; ; ;SI; ; ; ;4;LITRO;AMARILLO; ; ; ; ; ; ; ; ;ROSA; ; ; ; ;TOTAL NACIONAL;62,8502659371997
17025201155230006;PICHINCHA;01;15523;0006;1;ROSA;3;BAJO INVERNADERO;0;,15;0;13000; ; ; ; ;0;0;1;2;1;2;SI;,15; ; ; ;100; ; ;NO; ; ; ; ; ; ; ;NO; ; ; ; ; ; ; ; ;NO; ; ; ; ; ; ; ; ; ; ; ; ; ; ; ; ; ; ;ROSA; ; ; ; ;TOTAL NACIONAL;95,6912386615056
17025201155230012;PICHINCHA;01;15523;0012;1;ROSA;2;CAMPO ABIERTO;0;,1;0;8500; ; ; ; ;0;0;1;2;1;2;SI;,1; ; ; ;100; ; ;NO; ; ; ; ; ; ; ;NO; ; ; ; ; ; ; ; ;NO; ; ; ; ; ; ; ; ; ; ; ; ; ; ; ; ; ; ;ROSA; ; ; ; ;TOTAL NACIONAL;87,2287481676309
17025201159520001;PICHINCHA;01;15952;0001;1;ROSA;1;BAJO INVERNADERO;4;,15;,15;15000;45000;BONCHE;1800;25;100; ;1;1;1;1;SI;,15; ; ; ;100; ; ;SI;SI;10;QUINTAL; ; ;10;LITRO;SI;100;KILOGRAMO; ; ; ; ; ; ;SI;NO; ; ;SI; ; ; ;10,2;LITRO;AZUL; ; ; ; ; ; ; ; ;ROSA; ; ;1800; ;TOTAL NACIONAL;3,94916223047483
17025201159520002;PICHINCHA;01;15952;0002;1;ROSA;4;BAJO INVERNADERO;4;,3;,3;20000;60000;BONCHE;2280;25;100; ;1;1;1;1;SI;,3; ; ; ;100; ; ;SI;NO; ; ; ; ; ; ;SI;600;KILOGRAMO; ; ; ; ; ; ;SI;NO; ; ;SI; ; ; ;6;LITRO;AZUL; ; ; ; ; ; ; ; ;ROSA; ; ;2280; ;TOTAL NACIONAL;16,2523214869541
17025201159520003;PICHINCHA;01;15952;0003;1;ROSA;2;BAJO INVERNADERO;3;,15;,15;12000;48000;BONCHE;1824;25;100; ;1;1;1;1;SI;,15; ; ; ;100; ; ;SI;SI; ; ; ; ;50;LITRO;SI;480;KILOGRAMO;4;QUINTAL; ; ; ; ;SI;NO; ; ;SI; ; ; ;10;LITRO;AZUL; ; ; ; ; ; ; ; ;ROSA; ; ;1824; ;TOTAL NACIONAL;43,7445662452597
17025201159520008;PICHINCHA;01;15952;0008;1;ROSA;1;BAJO INVERNADERO;3;1;1;80000;320000;BONCHE;12160;25;100; ;1;1;1;1;SI;,4; ; ; ;100; ; ;SI;SI; ; ; ; ;12;LITRO;SI;936;KILOGRAMO; ; ; ; ; ; ;SI;NO; ; ;SI; ; ; ;1;LITRO;AZUL; ; ; ; ; ; ; ; ;ROSA; ; ;12160; ;TOTAL NACIONAL;13,2275236027333
17017501198870001;PICHINCHA;01;19887;0001;1;HYPERICUM;1;CAMPO ABIERTO;3;1,3;1,3;286000;1716000;TABACO;10868;150; ;100;1;1;1;1;SI;1,3; ; ; ;100; ; ;SI;NO; ; ; ; ; ; ;SI; ; ;499,2;KILOGRAMO; ; ; ; ;SI;NO; ; ;SI; ; ; ;,31;LITRO;VERDE;,08;LITRO;AMARILLO; ; ; ;2; ;HYPERICUM; ;10868; ; ;TOTAL NACIONAL;2,70399104538006
17035001254120008;PICHINCHA;01;25412;0008;1;ROSA;2;BAJO INVERNADERO;12;1,5;1,5;100000;300000;BOUQUET;11760;25;1;99;1;1;1;1;SI;1,5; ; ; ;100; ; ;SI;NO; ; ; ; ; ; ;SI;900;KILOGRAMO; ; ; ; ; ; ;SI;NO; ; ;SI; ; ; ;216;LITRO;VERDE;144;KILOGRAMO;VERDE; ; ; ; ; ;ROSA; ; ; ;11760;TOTAL NACIONAL;0
17035001254120008;PICHINCHA;01;25412;0008;2;ROSA;2;BAJO INVERNADERO;5;2;2;250000;750000;BOUQUET;29400;25;1;99;1;1;1;1;SI;2; ; ; ;100; ; ;SI;NO; ; ; ; ; ; ;SI;1200;KILOGRAMO; ; ; ; ; ; ;SI;NO; ; ;SI; ; ; ;288;LITRO;VERDE;192;KILOGRAMO;VERDE; ; ; ; ; ;ROSA; ; ; ;29400;TOTAL NACIONAL;0
17035001254120008;PICHINCHA;01;25412;0008;3;ROSA;2;BAJO INVERNADERO;1;1,5;1,5;85000;170000;BOUQUET;6664;25;1;99;1;1;1;1;SI;1,5; ; ; ;100; ; ;SI;NO; ; ; ; ; ; ;SI;900;KILOGRAMO; ; ; ; ; ; ;SI;NO; ; ;SI; ; ; ;216;LITRO;VERDE;144;KILOGRAMO;VERDE; ; ; ; ; ;ROSA; ; ; ;6664;TOTAL NACIONAL;0
17045063000993497;PICHINCHA;63;00099;3497;1;ROSA;1;BAJO INVERNADERO;8;18;17;1228839;18649374;TABACO;63546;270; ;100;1;1;1;1;SI;18; ; ; ;100; ; ;SI;SI; ; ;1082000;KILOGRAMO; ; ;SI;178180;KILOGRAMO; ; ; ; ; ; ;SI;NO; ; ;SI; ; ; ;1259,97;LITRO;VERDE;3594,24;LITRO;VERDE; ; ; ; ; ;ROSA; ;63546; ; ;TOTAL NACIONAL;1
17045463000993498;PICHINCHA;63;00099;3498;1;ROSA;1;BAJO INVERNADERO;8;8,87;8,87;605477;6600000;FULL TABACO;12000;500;15;85;1;1;1;1;SI;8,87; ; ; ;100; ; ;SI;SI;18900;KILOGRAMO;4320;KILOGRAMO; ; ;SI;11;TONELADA;22;TONELADA;17;TONELADA; ; ;SI;SI;500;LITRO;SI;7;LITRO;AMARILLO;200;KILOGRAMO;AMARILLO;280;LITRO;AMARILLO; ; ; ; ; ;ROSA;12000; ; ; ;TOTAL NACIONAL;1
17045263000993506;PICHINCHA;63;00099;3506;1;LIMONIUM - STATICE;4;BAJO INVERNADERO;6;6;6;294000;8000000;BOUQUET;666666;12; ;100;1;2;1;2;SI;6; ; ; ;100; ; ;SI;SI; ; ;277,2;TONELADA; ; ;NO; ; ; ; ; ; ; ; ;NO; ; ; ; ; ; ; ; ; ; ; ; ; ; ; ; ; ; ;LIMONIUM - STATICE; ; ; ;666666;TOTAL NACIONAL;1
17045263000993506;PICHINCHA;63;00099;3506;2;OTRAS FLORES PERMANENTES;5;CAMPO ABIERTO;1;4,22;4,22;105500;1055000;BONCHE;42200;25; ;100;1;2;1;2;SI;4,22; ; ; ;100; ; ;SI;SI; ; ;195;TONELADA; ; ;NO; ; ; ; ; ; ; ; ;NO; ; ; ; ; ; ; ; ; ; ; ; ; ; ; ; ; ; ;OTRAS FLORES PERMANENTES; ; ;42200; ;TOTAL NACIONAL;1
17045263000993506;PICHINCHA;63;00099;3506;3;LIMONIUM - STATICE;9;BAJO INVERNADERO;2;,3;,3;14000;611000;BONCHE;24440;25; ;100;1;2;1;2;SI;,3; ; ; ;100; ; ;SI;SI; ; ;13,9;TONELADA; ; ;NO; ; ; ; ; ; ; ; ;NO; ; ; ; ; ; ; ; ; ; ; ; ; ; ; ; ; ; ;LIMONIUM - STATICE; ; ;24440; ;TOTAL NACIONAL;1
17045263000993506;PICHINCHA;63;00099;3506;4;GYSOPHILLA;10;CAMPO ABIERTO;2;102,4;102,4;7669000;16500000;BONCHE;660000;25; ;100;1;2;1;2;SI;102,4; ; ; ;100; ; ;SI;SI; ; ;4730,9;KILOGRAMO; ; ;NO; ; ; ; ; ; ; ; ;NO; ; ; ; ; ; ; ; ; ; ; ; ; ; ; ; ; ; ;GYSOPHILLA; ; ;660000; ;TOTAL NACIONAL;1
17045263000993506;PICHINCHA;63;00099;3506;5;OTRAS FLORES PERMANENTES;13;CAMPO ABIERTO;1;,79;,79;39200;696000;BOUQUET;69600;10; ;100;1;2;1;2;SI;,79; ; ; ;100; ; ;SI;SI; ; ;36,5;TONELADA; ; ;NO; ; ; ; ; ; ; ; ;NO; ; ; ; ; ; ; ; ; ; ; ; ; ; ; ; ; ; ;OTRAS FLORES PERMANENTES; ; ; ;69600;TOTAL NACIONAL;1
17045463000993508;PICHINCHA;63;00099;3508;1;ROSA;1;BAJO INVERNADERO;18;39;33;2554092;34217000;BONCHE;1368680;25; ;100;1;1;1;1;SI;39; ; ; ;100; ; ;SI;SI; ; ;184;KILOGRAMO; ; ;SI; ; ;261000;KILOGRAMO;33000;KILOGRAMO;118000;KILOGRAMO;SI;NO; ; ;SI;392;LITRO;AMARILLO;1843;LITRO;AMARILLO;170;LIBRA;AZUL; ; ; ; ; ;ROSA; ; ;1368680; ;TOTAL NACIONAL;1
17045063000993531;PICHINCHA;63;00099;3531;1;ROSA;1;BAJO INVERNADERO;18;3,7;3,7;300000;3000000;BONCHE;114000;25; ;100;1;1;1;1;SI;3,7; ; ; ;100; ; ;SI;SI;6600;QUINTAL;24000;QUINTAL; ; ;SI;600;KILOGRAMO;1800;KILOGRAMO; ; ;9936;KILOGRAMO;SI;NO; ; ;SI;4;LIBRA;AZUL;24;LITRO;AMARILLO;24;LITRO;AMARILLO;192;LITRO;AMARILLO; ; ;ROSA; ; ;114000; ;TOTAL NACIONAL;1
17045463000993532;PICHINCHA;63;00099;3532;1;ROSA;1;BAJO INVERNADERO;27;16;16;1100000;11381997;TABACO;59127;175; ;100;1;1;1;1;SI;16; ; ; ;100; ; ;SI;SI; ; ;1600;TONELADA; ; ;SI; ; ;2400;KILOGRAMO; ; ; ; ;SI;SI;3,32;LITRO;NO; ; ; ; ; ; ; ; ; ; ; ; ; ; ;ROSA; ;59127; ; ;TOTAL NACIONAL;1
17045463000993533;PICHINCHA;63;00099;3533;1;ROSA;1;BAJO INVERNADERO;20;12;10;905100;9180000;BONCHE;367200;25; ;100;1;1;1;1;SI;12; ; ; ;100; ; ;SI;SI; ; ; ; ;28000;LITRO;SI; ; ;40000;KILOGRAMO;11000;KILOGRAMO;11000;KILOGRAMO;SI;SI;1500;KILOGRAMO;SI;40;KILOGRAMO;VERDE; ; ; ;844,7;KILOGRAMO;VERDE; ; ; ;40; ;ROSA; ; ;367200; ;TOTAL NACIONAL;1
17045063000993536;PICHINCHA;63;00099;3536;1;ROSA;1;BAJO INVERNADERO;26;1,99;1,99;155417;1087919;BONCHE;33818;25; ;100;1;1;1;1;SI;1,99; ; ; ;100; ; ;SI;SI;248,75;KILOGRAMO; ; ; ; ;SI;5802,84;KILOGRAMO;6023,73;KILOGRAMO;179,1;KILOGRAMO; ; ;SI;SI;10,94;LITRO;SI; ; ; ;11,38;LITRO;AMARILLO;58,98;LITRO;AMARILLO; ; ; ; ; ;ROSA; ; ;33818; ;TOTAL NACIONAL;1
17045063000993536;PICHINCHA;63;00099;3536;2;ROSA;2;BAJO INVERNADERO;19;6,33;6,33;494366;3460567;BONCHE;126657;25; ;100;1;1;1;1;SI;6,33; ; ; ;100; ; ;SI;SI;791,25;KILOGRAMO; ; ; ; ;SI;18458,28;KILOGRAMO;19160,91;KILOGRAMO;569,7;KILOGRAMO; ; ;SI;SI;34,81;LITRO;SI; ; ; ;36,2;LITRO;AMARILLO;187,62;LITRO;AMARILLO; ; ; ; ; ;ROSA; ; ;126657; ;TOTAL NACIONAL;1
17045063000993536;PICHINCHA;63;00099;3536;3;ROSA;3;BAJO INVERNADERO;14;2,07;2,07;161664;1131654;BONCHE;41419;25; ;100;1;1;1;1;SI;2,07; ; ; ;100; ; ;SI;SI;258,75;KILOGRAMO;0; ; ; ;SI;6036,12;KILOGRAMO;6265,89;KILOGRAMO;186,3;KILOGRAMO; ; ;SI;SI;11,38;LITRO;SI; ; ; ;11,84;LITRO;AMARILLO;61,35;LITRO;AMARILLO; ; ; ; ; ;ROSA; ; ;41419; ;TOTAL NACIONAL;1
17045063000993536;PICHINCHA;63;00099;3536;4;ROSA;4;BAJO INVERNADERO;9;2,15;2,15;167912;1175390;BONCHE;43019;25; ;100;1;1;1;1;SI;2,15; ; ; ;100; ; ;SI;SI;268,75;KILOGRAMO; ; ; ; ;SI;6269,4;KILOGRAMO;6508,05;KILOGRAMO;193,5;KILOGRAMO; ; ;SI;SI;11,82;LITRO;SI; ; ; ;12,29;LITRO;AMARILLO;63,72;LITRO;AMARILLO; ; ; ; ; ;ROSA; ; ;43019; ;TOTAL NACIONAL;1
17045063000993536;PICHINCHA;63;00099;3536;5;ROSA;5;BAJO INVERNADERO;4;1,19;1,19;92937;650565;BONCHE;23811;25; ;100;1;1;1;1;SI;1,19; ; ; ;100; ; ;SI;SI;148,75;KILOGRAMO; ; ; ; ;SI;3470,04;KILOGRAMO;3602,13;KILOGRAMO;107,2;KILOGRAMO; ; ;SI;SI;6,54;LITRO;SI; ; ; ;6,8;LITRO;AMARILLO;35,27;LITRO;AMARILLO; ; ; ; ; ;ROSA; ; ;23811; ;TOTAL NACIONAL;1
17016363000993541;PICHINCHA;63;00099;3541;1;GYSOPHILLA;1;CAMPO ABIERTO;1;,45;,45;27000;264000;BONCHE;33000;8; ;100;1;1;1;1;SI;,45; ; ; ;100; ; ;SI;SI;1500;KILOGRAMO; ; ;50;LITRO;SI;150;KILOGRAMO;660;KILOGRAMO;144;KILOGRAMO;360;KILOGRAMO;SI;SI;20;LITRO;SI;12;LITRO;AMARILLO;24;LITRO;AMARILLO;24;LITRO;NO SABE; ; ; ; ; ;GYSOPHILLA; ; ;33000; ;TOTAL NACIONAL;1
17045463000993558;PICHINCHA;63;00099;3558;1;ROSA;1;BAJO INVERNADERO;27;23;23;1573000;17189193;TABACO;89299;175; ;100;1;1;1;1;SI;23; ; ; ;100; ; ;SI;SI; ; ;2300;TONELADA; ; ;SI; ; ;3450;KILOGRAMO; ; ; ; ;SI;SI;4,78;LITRO;NO; ; ; ; ; ; ; ; ; ; ; ; ; ; ;ROSA; ;89299; ; ;TOTAL NACIONAL;1
17045463000993564;PICHINCHA;63;00099;3564;1;ROSA;1;BAJO INVERNADERO;12;4,7;4,7;332350;3997765;BONCHE;140721;25;12;88;1;1;1;1;SI;4,7; ; ; ;100; ; ;SI;SI; ; ;220000;KILOGRAMO; ; ;SI;35301,6;KILOGRAMO; ; ; ; ; ; ;SI;SI;6335,49;LITRO;SI; ; ; ;41,46;KILOGRAMO;AZUL;290,28;KILOGRAMO;AZUL;331,75;LITRO;AZUL; ; ;ROSA; ; ;140721; ;TOTAL NACIONAL;1
17045463000993564;PICHINCHA;63;00099;3564;2;ROSA;2;BAJO INVERNADERO;5;3,8;3,8;385670;3232235;BONCHE;113775;25;12;88;1;1;1;1;SI;3,8; ; ; ;100; ; ;SI;SI; ; ;216000;KILOGRAMO; ; ;SI;28543,2;KILOGRAMO; ; ; ; ; ; ;SI;SI;5122,31;LITRO;SI; ; ; ;33,54;KILOGRAMO;AZUL;234,72;KILOGRAMO;AZUL;268,25;LITRO;AZUL; ; ;ROSA; ; ;113775; ;TOTAL NACIONAL;1
17045063000993565;PICHINCHA;63;00099;3565;1;ROSA;1;BAJO INVERNADERO;18;13,72;13,72;1097467;10354549;BONCHE;364480;25; ;100;1;1;1;1;SI;13,72; ; ; ;100; ; ;SI;SI; ; ;460124,4;KILOGRAMO;41000;LITRO;SI; ; ;3026,3;KILOGRAMO;1618,5;KILOGRAMO;14825,7;KILOGRAMO;SI;SI;1332;KILOGRAMO;SI; ; ; ;534;KILOGRAMO;AZUL;456;KILOGRAMO;AZUL; ; ; ; ; ;ROSA; ; ;364480; ;TOTAL NACIONAL;1
17045063000993567;PICHINCHA;63;00099;3567;1;ROSA;1;BAJO INVERNADERO;9;11;11;850000;11900000;BOUQUET;942083;12; ;100;1;1;1;1;SI;11; ; ; ;100; ; ;SI;SI; ; ;836880;KILOGRAMO; ; ;SI;32756;KILOGRAMO;59840,55;KILOGRAMO;4027,1;KILOGRAMO;4153,6;KILOGRAMO;SI;SI;345,4;LITRO;SI; ; ; ;198;KILOGRAMO;AZUL;216,1;KILOGRAMO;AZUL; ; ; ; ; ;ROSA; ; ; ;942083;TOTAL NACIONAL;1
17045063000993567;PICHINCHA;63;00099;3567;2;ROSA;2;BAJO INVERNADERO;9;7;7;540944;7573216;BOUQUET;599546;12; ;100;1;1;1;1;SI;7; ; ; ;100; ; ;SI;SI; ; ;532560;KILOGRAMO; ; ;SI;33575;KILOGRAMO;38080;KILOGRAMO;2562,7;KILOGRAMO;2643,2;KILOGRAMO;SI;SI;219,8;LITRO;SI; ; ; ;126;KILOGRAMO;AZUL;137,7;KILOGRAMO;AZUL; ; ; ; ; ;ROSA; ; ; ;599546;TOTAL NACIONAL;1
17045063000993567;PICHINCHA;63;00099;3567;3;ROSA;3;BAJO INVERNADERO;9;2;2;109475;1532650;BOUQUET;121335;12; ;100;1;1;1;1;SI;2; ; ; ;100; ; ;SI;SI; ; ;152160;KILOGRAMO; ; ;SI;9592;KILOGRAMO;10880,1;KILOGRAMO;732,2;KILOGRAMO;755,2;KILOGRAMO;SI;SI;62,8;LITRO;SI; ; ; ;36;KILOGRAMO;AZUL;39,2;KILOGRAMO;AZUL; ; ; ; ; ;ROSA; ; ; ;121335;TOTAL NACIONAL;1
17025163000993568;PICHINCHA;63;00099;3568;1;ROSA;1;BAJO INVERNADERO;37;5,6;5,6;448000;6000000;BONCHE;211200;25; ;100;1;1;1;1;SI;5,6; ; ; ;100; ; ;SI;SI;2800;KILOGRAMO; ; ; ; ;SI;110000,8;KILOGRAMO; ; ; ; ; ; ;SI;SI;99,96;LITRO;SI; ; ; ;55,33;LITRO;AZUL;32,15;LITRO;AMARILLO;26,88;LITRO;AMARILLO; ; ;ROSA; ; ;211200; ;TOTAL NACIONAL;1
17025163000993568;PICHINCHA;63;00099;3568;2;ROSA;2;BAJO INVERNADERO;33;2,4;2,4;192000;2000000;BONCHE;70400;25; ;100;1;1;1;1;SI;2,4; ; ; ;100; ; ;SI;SI;1200;KILOGRAMO; ; ; ; ;SI;47143,2;KILOGRAMO; ; ; ; ; ; ;SI;SI;42,84;LITRO;SI; ; ; ;23,71;LITRO;AZUL;13,78;LITRO;AMARILLO;11,52;LITRO;AMARILLO; ; ;ROSA; ; ;70400; ;TOTAL NACIONAL;1
17025163000993568;PICHINCHA;63;00099;3568;3;ROSA;3;BAJO INVERNADERO;35;6,4;6,4;512000;5500000;BONCHE;193600;25; ;100;1;1;1;1;SI;6,4; ; ; ;100; ; ;SI;SI;3200;KILOGRAMO; ; ; ; ;SI;125715,2;KILOGRAMO; ; ; ; ; ; ;SI;SI;114,24;LITRO;SI; ; ; ;63,23;LITRO;AZUL;36,74;LITRO;AMARILLO;30,72;LITRO;AMARILLO; ; ;ROSA; ; ;193600; ;TOTAL NACIONAL;1
17025163000993568;PICHINCHA;63;00099;3568;4;ROSA;4;BAJO INVERNADERO;38;5,1;5,1;408000;4500000;BONCHE;158400;25; ;100;1;1;1;1;SI;5,1; ; ; ;100; ; ;SI;SI;2550;KILOGRAMO; ; ; ; ;SI;100179,3;KILOGRAMO; ; ; ; ; ; ;SI;SI;91,03;LITRO;SI; ; ; ;50,39;LITRO;AZUL;29,28;LITRO;AMARILLO;24,48;LITRO;AMARILLO; ; ;ROSA; ; ;158400; ;TOTAL NACIONAL;1
17045063000993571;PICHINCHA;63;00099;3571;1;ROSA;1;BAJO INVERNADERO;4;2,67;2,67;260000;2860000;FULL TABACO;9247;300;95;5;1;1;1;1;SI;2,67; ; ; ;100; ; ;SI;SI; ; ;1335;KILOGRAMO; ; ;SI;416;KILOGRAMO;1500;KILOGRAMO;950;KILOGRAMO;780;KILOGRAMO;SI;SI;104;LITRO;SI;20;LITRO;AZUL;234;LITRO;AZUL;182;LITRO;AMARILLO; ; ; ; ; ;ROSA;9247; ; ; ;TOTAL NACIONAL;1
17045063000993571;PICHINCHA;63;00099;3571;2;ROSA;3;BAJO INVERNADERO;4;1;1;100000;1100000;FULL TABACO;3557;300;95;5;1;1;1;1;SI;1; ; ; ;100; ; ;SI;SI; ; ;500;KILOGRAMO; ; ;SI;150;KILOGRAMO;500;KILOGRAMO;365;KILOGRAMO;300;KILOGRAMO;SI;SI;40;LITRO;SI;8;LITRO;AZUL;90;LITRO;AZUL;70;LITRO;AMARILLO; ; ; ; ; ;ROSA;3557; ; ; ;TOTAL NACIONAL;1
17025163000993575;PICHINCHA;63;00099;3575;1;OTRAS FLORES PERMANENTES;3;CAMPO ABIERTO;0;,15; ;35000; ; ; ; ; ; ;1;2;2;2;SI;,15; ;100; ; ; ; ;SI;NO; ; ; ; ; ; ;SI;1;TONELADA; ; ; ; ;,4;TONELADA;SI;NO; ; ;SI;,75;LITRO;AZUL;1;LITRO;AZUL;20;KILOGRAMO;AMARILLO;2;KILOGRAMO;AMARILLO; ; ;OTRAS FLORES PERMANENTES; ; ; ; ;TOTAL NACIONAL;1
17045063000993586;PICHINCHA;63;00099;3586;1;ROSA;1;BAJO INVERNADERO;5;52;52;3929796;37442016;TABACO;127580;270; ;100;1;1;1;1;SI;52; ; ; ;100; ; ;SI;SI; ; ;4032000;KILOGRAMO; ; ;SI;856527;KILOGRAMO; ; ; ; ; ; ;SI;SI;1248;LITRO;SI; ; ; ;3631,68;LITRO;VERDE;10383,36;LITRO;VERDE; ; ; ; ; ;ROSA; ;127580; ; ;TOTAL NACIONAL;1
17016363000993587;PICHINCHA;63;00099;3587;1;OTRAS FLORES PERMANENTES;4;CAMPO ABIERTO;2;,08;,08;5975;59750;BOUQUET;56762;1; ;100;1;1;1;1;SI;,08; ; ; ;100; ; ;SI;SI; ; ;175,54;KILOGRAMO; ; ;SI;624,91;KILOGRAMO; ; ; ; ; ; ;SI;NO; ; ;SI; ; ; ;2,31;LITRO;VERDE;2,31;KILOGRAMO;VERDE; ; ; ; ; ;OTRAS FLORES PERMANENTES; ; ; ;56762;TOTAL NACIONAL;1
17016363000993587;PICHINCHA;63;00099;3587;2;LIMONIUM - STATICE;6;BAJO INVERNADERO;2;,75;,75;27908;227820;BOUQUET;72143;3; ;100;1;1;1;1;SI;,75; ; ; ;100; ; ;SI;SI; ; ;1645,69;KILOGRAMO; ; ;SI;5858,52;KILOGRAMO; ; ; ; ; ; ;SI;NO; ; ;SI; ; ; ;21,7;LITRO;VERDE;21,7;KILOGRAMO;VERDE; ; ; ; ; ;LIMONIUM - STATICE; ; ; ;72143;TOTAL NACIONAL;1
17016363000993587;PICHINCHA;63;00099;3587;3;LIMONIUM - STATICE;12;BAJO INVERNADERO;2;1,8;1,8;66980;546775;BOUQUET;173145;3; ;100;1;1;1;1;SI;1,8; ; ; ;100; ; ;SI;SI; ; ;3949,67;KILOGRAMO; ; ;SI;14060,46;KILOGRAMO; ; ; ; ; ; ;SI;NO; ; ;SI; ; ; ;52,1;LITRO;VERDE;52,1;KILOGRAMO;VERDE; ; ; ; ; ;LIMONIUM - STATICE; ; ; ;173145;TOTAL NACIONAL;1
17016363000993587;PICHINCHA;63;00099;3587;4;OTRAS FLORES PERMANENTES;13;CAMPO ABIERTO;2;,04;,04;2965;29650;BOUQUET;28167;1; ;100;1;1;1;1;SI;,04; ; ; ;100; ; ;SI;SI; ; ;877,7;KILOGRAMO; ; ;SI;312,45;KILOGRAMO; ; ; ; ; ; ;SI;NO; ; ;SI; ; ; ;1,15;LITRO;VERDE;1,15;KILOGRAMO;VERDE; ; ; ; ; ;OTRAS FLORES PERMANENTES; ; ; ;28167;TOTAL NACIONAL;1
17015263000993595;PICHINCHA;63;00099;3595;1;ROSA;1;BAJO INVERNADERO;18;10,5;10,5;769000;10400000;FULL TABACO;23660;400;9;91;1;1;1;1;SI;10,5; ; ; ;100; ; ;SI;SI; ; ;1260;TONELADA; ; ;SI;58371,04;KILOGRAMO; ; ; ; ; ; ;SI;SI;250;LITRO;SI; ; ; ;624;LITRO;VERDE;1664;LITRO;AZUL;490;LITRO;VERDE; ; ;ROSA;23660; ; ; ;TOTAL NACIONAL;1
17045463000993613;PICHINCHA;63;00099;3613;1;ROSA;1;BAJO INVERNADERO;7;27,2;24,48;2082729;21600527;TABACO;131043;150; ;100;1;1;1;1;SI;27,2; ; ; ;100; ; ;SI;SI; ; ;3000000;KILOGRAMO; ; ;SI;50544;KILOGRAMO; ; ; ; ; ; ;SI;SI;1560;LITRO;SI; ; ; ;780;LITRO;AMARILLO;580;LITRO;VERDE;57;LITRO;AZUL;11; ;ROSA; ;131043; ; ;TOTAL NACIONAL;1
17045063000993614;PICHINCHA;63;00099;3614;1;ROSA;1;BAJO INVERNADERO;8;10,32;10,32;757746;5167368;BONCHE;189126;25; ;100;1;1;1;1;SI;10,32; ; ; ;100; ; ;SI;SI;1290;KILOGRAMO; ; ; ; ;SI;30093,12;KILOGRAMO;31238,64;KILOGRAMO;928,8;KILOGRAMO; ; ;SI;SI;56,76;LITRO;SI; ; ; ;59,03;LITRO;AMARILLO;305,88;LITRO;AMARILLO; ; ; ; ; ;ROSA; ; ;189126; ;TOTAL NACIONAL;1
17045063000993614;PICHINCHA;63;00099;3614;2;ROSA;4;BAJO INVERNADERO;6;4,08;4,08;299574;2042913;BONCHE;74770;25; ;100;1;1;1;1;SI;4,08; ; ; ;100; ; ;SI;SI;510;KILOGRAMO; ; ; ; ;SI;11817,28;KILOGRAMO;12350,16;KILOGRAMO;367,2;KILOGRAMO; ; ;SI;SI;22,44;LITRO;SI; ; ; ;23,33;LITRO;AMARILLO;120,93;LITRO;AMARILLO; ; ; ; ; ;ROSA; ; ;74770; ;TOTAL NACIONAL;1
17015263000993665;PICHINCHA;63;00099;3665;1;ROSA;1;BAJO INVERNADERO;2;1,7;1,6;92000;54000;BONCHE;1900;25; ;100;1;1;1;1;SI;1,7; ; ; ;100; ; ;SI;SI;8500;KILOGRAMO;25000;KILOGRAMO;45000;LITRO;SI;12495;KILOGRAMO; ; ; ; ; ; ;SI;SI;48;KILOGRAMO;SI; ; ; ;110;KILOGRAMO;AZUL;170;KILOGRAMO;AZUL; ; ; ; ; ;ROSA; ; ;1900; ;TOTAL NACIONAL;1
17015263000993666;PICHINCHA;63;00099;3666;1;ROSA;1;BAJO INVERNADERO;20;14,71;14,71;936907;12530824;BOUQUET;963934;12;8;92;1;1;1;1;SI;14,71; ; ; ;100; ; ;SI;SI; ; ;4800000;KILOGRAMO; ; ;SI;289988,82;KILOGRAMO; ; ; ; ; ; ;SI;NO; ; ;SI; ; ; ;986,75;LITRO;AZUL;2250;LITRO;AZUL; ; ; ; ; ;ROSA; ; ; ;963934;TOTAL NACIONAL;1
17035063000993696;PICHINCHA;63;00099;3696;1;ROSA;2;BAJO INVERNADERO;12;1,5;1,5;100000;300000;BOUQUET;11760;25;1;99;1;1;1;1;SI;1,5; ; ; ;100; ; ;SI;NO; ; ; ; ; ; ;SI;900;KILOGRAMO; ; ; ; ; ; ;SI;NO; ; ;SI; ; ; ;216;LITRO;VERDE;144;KILOGRAMO;VERDE; ; ; ; ; ;ROSA; ; ; ;11760;TOTAL NACIONAL;1
17035063000993696;PICHINCHA;63;00099;3696;2;ROSA;2;BAJO INVERNADERO;5;2;2;250000;750000;BOUQUET;29400;25;1;99;1;1;1;1;SI;2; ; ; ;100; ; ;SI;NO; ; ; ; ; ; ;SI;1200;KILOGRAMO; ; ; ; ; ; ;SI;NO; ; ;SI; ; ; ;288;LITRO;VERDE;192;KILOGRAMO;VERDE; ; ; ; ; ;ROSA; ; ; ;29400;TOTAL NACIONAL;1
17035063000993696;PICHINCHA;63;00099;3696;3;ROSA;2;BAJO INVERNADERO;1;1,5;1,5;85000;170000;BOUQUET;6664;25;1;99;1;1;1;1;SI;1,5; ; ; ;100; ; ;SI;NO; ; ; ; ; ; ;SI;900;KILOGRAMO; ; ; ; ; ; ;SI;NO; ; ;SI; ; ; ;216;LITRO;VERDE;144;KILOGRAMO;VERDE; ; ; ; ; ;ROSA; ; ; ;6664;TOTAL NACIONAL;1
17035263000993698;PICHINCHA;63;00099;3698;1;ROSA;2;BAJO INVERNADERO;15;18;16;1500000;15000000;TABACO;85000;150;15;85;1;1;1;1;SI;18; ; ; ;100; ; ;SI;SI; ; ;200;TONELADA; ; ;SI;58487,52;KILOGRAMO; ; ; ; ; ; ;SI;SI;430;LITRO;SI; ; ;0;300;LITRO;VERDE;700;LITRO;VERDE; ; ; ;20; ;ROSA; ;85000; ; ;TOTAL NACIONAL;1
17045463000993706;PICHINCHA;63;00099;3706;1;ROSA;1;BAJO INVERNADERO;7;7;7;600000;4800000;BONCHE;186240;25; ;100;1;1;1;1;SI;7; ; ; ;100; ; ;SI;NO; ; ; ; ; ; ;SI;63837,6;KILOGRAMO; ; ; ; ; ; ;SI;NO; ; ;SI; ; ; ;96;LITRO;AZUL;139,2;LITRO;AZUL;72;LITRO;AZUL; ; ;ROSA; ; ;186240; ;TOTAL NACIONAL;1
17045463000993709;PICHINCHA;63;00099;3709;1;ROSA;2;BAJO INVERNADERO;10;5,5;5,5;540000;3600000;BONCHE;129600;25;10;90;1;1;1;1;SI;5,5; ; ; ;100; ; ;SI;SI;1200;QUINTAL;4000;KILOGRAMO; ; ;SI;53664;KILOGRAMO; ; ; ; ; ; ;SI;NO; ; ;SI;8;KILOGRAMO;VERDE;72;LITRO;AMARILLO;480;LITRO;AZUL;4;LITRO;AMARILLO; ; ;ROSA; ; ;129600; ;TOTAL NACIONAL;1
17045463000993710;PICHINCHA;63;00099;3710;1;ROSA;2;BAJO INVERNADERO;8;3,2;3,2;260000;2707575;BONCHE;97473;25;10;90;1;1;1;1;SI;3,2; ; ; ;100; ; ;SI;SI;200;QUINTAL; ; ;200;LITRO;SI;39960;KILOGRAMO; ; ; ; ; ; ;SI;NO; ; ;SI; ; ; ;116,96;LITRO;AZUL;63,6;LITRO;AMARILLO;180,36;LITRO;AMARILLO;2;3;ROSA; ; ;97473; ;TOTAL NACIONAL;1
17045463000993710;PICHINCHA;63;00099;3710;2;ROSA;3;BAJO INVERNADERO;8;1;1;106000;75000;BONCHE;2990;25;10;90;1;1;1;1;SI;1; ; ; ;100; ; ;SI;SI;62,5;QUINTAL; ; ;62,5;LITRO;SI;12487,2;KILOGRAMO; ; ; ; ; ; ;SI;NO; ; ;SI; ; ; ;36,56;LITRO;AZUL;55,3;LITRO;AMARILLO;56,04;LITRO;AMARILLO; ; ;ROSA; ; ;2990; ;TOTAL NACIONAL;1
17045463000993710;PICHINCHA;63;00099;3710;3;ROSA;4;BAJO INVERNADERO;0;,5; ;40700; ; ; ; ; ; ;1;1;1;1;SI;,5; ; ; ;100; ; ;SI;SI;31,25;QUINTAL; ; ;31,25;LITRO;SI;2602;KILOGRAMO; ; ; ; ; ; ;SI;NO; ; ;SI; ; ; ;4,57;LITRO;AZUL;11,5;LITRO;AMARILLO;11,75;LITRO;AMARILLO; ; ;ROSA; ; ; ; ;TOTAL NACIONAL;1
17045463000993711;PICHINCHA;63;00099;3711;1;ROSA;1;BAJO INVERNADERO;8;7,3;6,5;600000;6020000;BONCHE;211904;25;12;88;1;1;1;1;SI;7,3; ; ; ;100; ; ;SI;SI; ; ;8;KILOGRAMO; ; ;SI;75144;KILOGRAMO; ; ; ; ; ; ;SI;SI;420;LITRO;SI; ; ; ;300;LITRO;AMARILLO;800;LITRO;AZUL;80;LITRO;AZUL; ; ;ROSA; ; ;211904; ;TOTAL NACIONAL;1
17045463000993712;PICHINCHA;63;00099;3712;1;ROSA;1;BAJO INVERNADERO;6;11,9;11,9;678000;6500000;FULL TABACO;19500;300;10;90;1;1;1;1;SI;11,9; ; ; ;100; ; ;SI;SI;1350000;KILOGRAMO;1935000;KILOGRAMO; ; ;SI;32832;KILOGRAMO; ; ; ; ; ; ;SI;SI;1680;LITRO;SI; ; ; ;192;LITRO;VERDE;1188;LITRO;AMARILLO;182;LITRO;AZUL; ; ;ROSA;19500; ; ; ;TOTAL NACIONAL;1
17035063000993730;PICHINCHA;63;00099;3730;1;ROSA;1;BAJO INVERNADERO;15;19,3;19,3;1624026;6496104;TABACO;31830;200; ;100;1;1;1;1;SI;19,3; ; ; ;100; ; ;SI;SI; ; ; ; ;3986;LITRO;SI;109223;KILOGRAMO; ; ; ; ; ; ;SI;NO; ; ;SI; ; ; ;1350;LITRO;AZUL;1498,82;LITRO;AZUL; ; ; ; ; ;ROSA; ;31830; ; ;TOTAL NACIONAL;1
17035063000993733;PICHINCHA;63;00099;3733;1;ROSA;1;BAJO INVERNADERO;15;5;5;533597;2134388;TABACO;10458;200; ;100;1;1;1;1;SI;5; ; ; ;100; ; ;SI;SI; ; ; ; ;1242;LITRO;SI;28296;KILOGRAMO; ; ; ; ; ; ;SI;NO; ; ;SI; ; ; ;350;LITRO;AZUL;388;LITRO;AMARILLO; ; ; ; ; ;ROSA; ;10458; ; ;TOTAL NACIONAL;1
17045463000993735;PICHINCHA;63;00099;3735;1;ROSA;1;BAJO INVERNADERO;17;8,8;8,8;433900;4165000;FULL TABACO;12495;300;10;90;1;1;1;1;SI;8,8; ; ; ;100; ; ;SI;SI;998319;KILOGRAMO;1430922;KILOGRAMO; ; ;SI;32832;KILOGRAMO; ; ; ; ; ; ;SI;SI;1242;LITRO;SI; ; ; ;144;LITRO;VERDE;1248;LITRO;AMARILLO;876;LITRO;AZUL; ; ;ROSA;12495; ; ; ;TOTAL NACIONAL;1
17045063000993750;PICHINCHA;63;00099;3750;1;ROSA;1;BAJO INVERNADERO;10;21,5;15,5;1162000;15500000;TABACO;129166;120; ;100;1;1;1;1;SI;21,5;30; ; ;70; ; ;SI;SI; ; ;,48;LIBRA;2400;LITRO;SI; ; ;97313;KILOGRAMO;3200;KILOGRAMO;3500;KILOGRAMO;SI;NO; ; ;SI; ; ; ;1300;LITRO;VERDE;3150;LITRO;VERDE; ; ; ; ; ;ROSA; ;129166; ; ;TOTAL NACIONAL;1
17045063000993750;PICHINCHA;63;00099;3750;2;HYPERICUM;4;BAJO INVERNADERO;1;1;1;25000;875000;TABACO;7291;120; ;100;1;1;1;1;SI;1;30; ; ;70; ; ;SI;SI; ; ;,48;LIBRA;2400;LITRO;SI; ; ;97313;KILOGRAMO;3200;KILOGRAMO;3500;KILOGRAMO;SI;NO; ; ;SI; ; ; ;1300;LITRO;VERDE;3150;LITRO;VERDE; ; ; ; ; ;HYPERICUM; ;7291; ; ;TOTAL NACIONAL;1
17045063000993751;PICHINCHA;63;00099;3751;1;ROSA;1;BAJO INVERNADERO;21;,25;,25;13006;184450;BONCHE;6862;25; ;100;1;1;1;1;SI;,25; ; ; ;100; ; ;SI;NO; ; ; ; ; ; ;SI;86,64;KILOGRAMO;93,18;KILOGRAMO;18,71;KILOGRAMO;913,14;KILOGRAMO;SI;SI;5,67;LITRO;SI; ; ; ;6,42;LITRO;AMARILLO;30,21;LITRO;AMARILLO; ; ; ; ; ;ROSA; ; ;6862; ;TOTAL NACIONAL;1
17045063000993751;PICHINCHA;63;00099;3751;2;ROSA;2;BAJO INVERNADERO;12;3,25;3,25;233100;2533359;BONCHE;94240;25; ;100;1;1;1;1;SI;3,25; ; ; ;100; ; ;SI;NO; ; ; ; ; ; ;SI;1126,32;KILOGRAMO;1211,34;KILOGRAMO;243,29;KILOGRAMO;11870,82;KILOGRAMO;SI;SI;73,71;LITRO;SI; ; ; ;83,46;LITRO;AMARILLO;392,73;LITRO;AMARILLO; ; ; ; ; ;ROSA; ; ;94240; ;TOTAL NACIONAL;1
17045063000993751;PICHINCHA;63;00099;3751;3;ROSA;3;BAJO INVERNADERO;4;5,9;5,9;367481;4727650;BONCHE;175868;25; ;100;1;1;1;1;SI;5,9; ; ; ;100; ; ;SI;NO; ; ; ; ; ; ;SI;2044,7;KILOGRAMO;2199,04;KILOGRAMO;441,67;KILOGRAMO;21550,1;KILOGRAMO;SI;SI;133,81;LITRO;SI; ; ; ;151,51;LITRO;AMARILLO;712,95;LITRO;AMARILLO; ; ; ; ; ;ROSA; ; ;175868; ;TOTAL NACIONAL;1
17045063000993751;PICHINCHA;63;00099;3751;4;ROSA;4;BAJO INVERNADERO;2;4,3;4,3;340842;3117965;BONCHE;115988;25; ;100;1;1;1;1;SI;4,3; ; ; ;100; ; ;SI;NO; ; ; ; ; ; ;SI;1490,2;KILOGRAMO;1602,69;KILOGRAMO;321,89;KILOGRAMO;15706,8;KILOGRAMO;SI;SI;97,52;LITRO;SI; ; ; ;110,42;LITRO;AMARILLO;519,61;LITRO;AMARILLO; ; ; ; ; ;ROSA; ; ;115988; ;TOTAL NACIONAL;1
17015263000993771;PICHINCHA;63;00099;3771;1;ROSA;1;BAJO INVERNADERO;25;8;8;650000;7000000;TABACO;46181;144; ;100;1;1;1;1;SI;8; ; ; ;100; ; ;SI;SI; ; ;110000;KILOGRAMO; ; ;SI;51540;KILOGRAMO; ; ; ; ; ; ;SI;SI;100;LITRO;SI; ; ; ;168;LITRO;AMARILLO;600;LITRO;AMARILLO;300;LITRO;VERDE;10; ;ROSA; ;46181; ; ;TOTAL NACIONAL;1
17017663000993774;PICHINCHA;63;00099;3774;1;ROSA;1;BAJO INVERNADERO;20;9,62;9,3;670000;9200000;BONCHE;534750;16;2;98;1;1;1;1;SI;9,62; ; ; ;100; ; ;SI;SI; ; ;420000;KILOGRAMO; ; ;SI;32831;KILOGRAMO; ; ; ; ; ; ;SI;NO; ; ;SI; ; ; ;260;LITRO;AMARILLO;192;LITRO;AMARILLO;128;LITRO;AMARILLO; ; ;ROSA; ; ;534750; ;TOTAL NACIONAL;1
17025463000993832;PICHINCHA;63;00099;3832;1;GYSOPHILLA;1;CAMPO ABIERTO;2;33,66;30,4;5972151;61992243;TABACO;143009;350;1;99;1;1;1;1;SI;33,66; ; ; ;100; ; ;SI;NO; ; ; ; ; ; ;SI; ; ;151268;KILOGRAMO; ; ;50804;KILOGRAMO;SI;SI;364;KILOGRAMO;SI;100;LITRO;AZUL;1326;LITRO;AZUL;552;LITRO;AZUL; ; ; ; ; ;GYSOPHILLA; ;143009; ; ;TOTAL NACIONAL;1
17025463000993832;PICHINCHA;63;00099;3832;2;CLAVEL;2;BAJO INVERNADERO;1;34,99;25,72;6526971;67334317;TABACO;69130;600; ;100;1;1;1;1;SI;34,99; ; ; ;100; ; ;NO; ; ; ; ; ; ; ;NO; ; ; ; ; ; ; ; ;SI;NO; ; ;SI;104;LITRO;AZUL;1456;LITRO;AZUL;1820;LITRO;AZUL;520;LITRO;AZUL; ; ;CLAVEL; ;69130; ; ;TOTAL NACIONAL;1
17045463000993837;PICHINCHA;63;00099;3837;1;ROSA;1;BAJO INVERNADERO;22;18;14;1407000;18107206;BONCHE;677419;25; ;100;1;1;1;1;SI;18; ; ; ;100; ; ;SI;NO; ; ; ; ; ; ;SI; ; ;136000;KILOGRAMO;19000;KILOGRAMO; ; ;SI;NO; ; ;SI;107;LITRO;AMARILLO;1043;LITRO;AMARILLO;103;LITRO;AZUL; ; ; ; ; ;ROSA; ; ;677419; ;TOTAL NACIONAL;1
17017863000993841;PICHINCHA;63;00099;3841;1;GYSOPHILLA;1;CAMPO ABIERTO;1;13;13;3250000;27000000;FULL TABACO;97200;250; ;100;1;1;1;1;SI;13; ;2; ;98; ; ;SI;SI; ; ;50000;KILOGRAMO; ; ;SI;189800;KILOGRAMO; ; ; ; ; ; ;SI;SI;312;LITRO;SI;842;LITRO;AMARILLO;292,5;LITRO;AZUL;2242;LITRO;AZUL; ; ; ; ; ;GYSOPHILLA;97200; ; ; ;TOTAL NACIONAL;1
17017863000993841;PICHINCHA;63;00099;3841;2;CLAVEL;3;CAMPO ABIERTO;1;2;2;66000;1200000;FULL TABACO;4704;250; ;100;1;1;1;1;SI;2; ;2; ;98; ; ;SI;SI; ; ;7692;KILOGRAMO; ; ;SI;29200;KILOGRAMO; ; ; ; ; ; ;SI;SI;48;LITRO;SI;129,6;LITRO;AMARILLO;45;LITRO;AZUL;345;LITRO;AZUL; ; ; ; ; ;CLAVEL;4704; ; ; ;TOTAL NACIONAL;1
17015363000993842;PICHINCHA;63;00099;3842;1;GYSOPHILLA;1;CAMPO ABIERTO;0;3;3;636000;1908000;FULL TABACO;5597;300; ;100;1;1;1;1;SI;3; ; ; ;100; ; ;SI;NO; ; ; ; ; ; ;SI;677,25;KILOGRAMO;10488,77;KILOGRAMO;756,96;KILOGRAMO;1044,45;KILOGRAMO;SI;NO; ; ;SI;4,56;LITRO;AZUL;19,75;KILOGRAMO;AZUL;138,23;KILOGRAMO;AZUL;14,81;LITRO;AZUL; ; ;GYSOPHILLA;5597; ; ; ;TOTAL NACIONAL;1
17015363000993842;PICHINCHA;63;00099;3842;2;GYSOPHILLA;2;CAMPO ABIERTO;0;4,5;4,5;954000;2862000;FULL TABACO;8395;300; ;100;1;1;1;1;SI;4,5; ; ; ;100; ; ;SI;NO; ; ; ; ; ; ;SI;1015,89;KILOGRAMO;15739,13;KILOGRAMO;11354,45;KILOGRAMO;16556,7;KILOGRAMO;SI;NO; ; ;SI;6,84;LITRO;AZUL;29,62;KILOGRAMO;AZUL;207,34;KILOGRAMO;AZUL;22,22;LITRO;AZUL; ; ;GYSOPHILLA;8395; ; ; ;TOTAL NACIONAL;1
17015363000993842;PICHINCHA;63;00099;3842;3;GYSOPHILLA;3;CAMPO ABIERTO;0;3,25;3,25;889000;2067000;FULL TABACO;6063;300; ;100;1;1;1;1;SI;3,25; ; ; ;100; ; ;SI;NO; ; ; ; ; ; ;SI;733,69;KILOGRAMO;11302,82;KILOGRAMO;820,94;KILOGRAMO;11964,83;KILOGRAMO;SI;NO; ; ;SI;4,99;LITRO;AZUL;21,39;KILOGRAMO;AZUL;149,77;KILOGRAMO;AZUL;16,04;LITRO;AZUL; ; ;GYSOPHILLA;6063; ; ; ;TOTAL NACIONAL;1
17015363000993842;PICHINCHA;63;00099;3842;4;GYSOPHILLA;4;CAMPO ABIERTO;0;5,05;5,05;1070600;3211800;FULL TABACO;9421;300; ;100;1;1;1;1;SI;5,05; ; ; ;100; ; ;SI;NO; ; ; ; ; ; ;SI;1140,04;KILOGRAMO;17654,67;KILOGRAMO;1207,21;KILOGRAMO;18591,44;KILOGRAMO;SI;NO; ; ;SI;7,66;LITRO;AZUL;33,21;KILOGRAMO;AZUL;232,66;KILOGRAMO;AZUL;24,93;LITRO;AZUL; ; ;GYSOPHILLA;9421; ; ; ;TOTAL NACIONAL;1
17015363000993842;PICHINCHA;63;00099;3842;5;HYPERICUM;5;CAMPO ABIERTO;0;1,55;1,55;400000;800000;TABACO;6533;120; ;100;1;1;1;1;SI;1,55; ; ; ;100; ; ;SI;NO; ; ; ; ; ; ;SI;349,91;KILOGRAMO;5414,19;KILOGRAMO;391,09;KILOGRAMO;5706,3;KILOGRAMO;SI;NO; ; ;SI;7;LITRO;AZUL;160;KILOGRAMO;AZUL;41,6;LITRO;AZUL; ; ; ; ; ;HYPERICUM; ;6533; ; ;TOTAL NACIONAL;1
17045463000994171;PICHINCHA;63;00099;4171;1;ROSA;1;BAJO INVERNADERO;7;9,83;9,83;682872;6690000;FULL TABACO;13200;500;15;85;1;1;1;1;SI;9,83; ; ; ;100; ; ;SI;SI;10300;KILOGRAMO;7200;KILOGRAMO; ; ;SI;21;TONELADA;52;TONELADA;4,5;TONELADA; ; ;SI;SI;550;LITRO;SI;20;LITRO;AMARILLO;550;KILOGRAMO;AMARILLO;280;LITRO;AMARILLO; ; ; ; ; ;ROSA;13200; ; ; ;TOTAL NACIONAL;1
18085701017040037;TUNGURAHUA;01;01704;0037;1;ASTROMELLAS;1;CAMPO ABIERTO;2;,06;,06;200;144000;FULL TABACO;720;200;100; ;1;1;1;1;SI;,06;100; ; ; ; ; ;SI;SI;4;QUINTAL; ; ; ; ;SI;2;QUINTAL; ; ; ; ; ; ;SI;NO; ; ;SI;3;LITRO;VERDE;3;LITRO;NO SABE; ; ; ; ; ; ; ; ;ASTROMELLA;720; ; ; ;TOTAL NACIONAL;135,40208023905
18085701017040038;TUNGURAHUA;01;01704;0038;1;ASTROMELLAS;2;BAJO INVERNADERO;4;,07;,07;400;4800;TABACO;24;200;100; ;1;1;1;1;SI;,07; ;100; ; ; ; ;SI;SI;20;QUINTAL; ; ; ; ;SI; ; ;1,5;QUINTAL; ; ; ; ;SI;NO; ; ;SI; ; ; ;4;LITRO;ROJO; ; ; ; ; ; ; ; ;ASTROMELLA; ;24; ; ;TOTAL NACIONAL;92,8471407353489
18016763000993810;TUNGURAHUA;63;00099;3810;1;ROSA;1;BAJO INVERNADERO;0;1,1;0;58000; ; ; ; ; ; ;1;2;2;2;SI;1,1; ; ; ;100; ; ;SI;SI; ; ; ; ;50;LITRO;SI;100;QUINTAL;50;KILOGRAMO; ; ; ; ;SI;NO; ; ;SI; ; ; ;5;LITRO;VERDE;10;LITRO;AZUL; ; ; ; ; ;ROSA; ; ; ; ;TOTAL NACIONAL;1
18085763000993811;TUNGURAHUA;63;00099;3811;1;ROSA;1;BAJO INVERNADERO;4;1,15;1,15;60000;912500;BONCHE;29200;25;20;80;1;1;1;1;SI;1,15; ; ; ;100; ; ;SI;SI; ; ;4;TONELADA;100;LITRO;SI;300;QUINTAL; ; ; ; ; ; ;SI;NO; ; ;SI; ; ; ;12;LITRO;AZUL; ; ; ;20;LITRO;VERDE; ; ;ROSA; ; ;29200; ;TOTAL NACIONAL;1
